0.01318359, 0, 0.9790039, 0.5543066, 0.006522844, 0.005498057, -0.8322685, 0.7888497, 0.7888497, -0.2079859, 0.03705905, -1.938485, -0.3058695
0.002441406, -0.01611328, 0.9931641, 0.543466, 0.006427311, 0.005546813, -0.8393881, 0.7131982, 0.7131982, -0.06600285, 0.04260006, -1.968515, -0.3478217
-0.002441406, 0.006347656, 0.9755859, 0.5219634, 0.006298928, 0.005618372, -0.8529218, 0.651344, 0.651344, -0.2417545, 0.04801388, -1.998697, -0.389823
0.01416016, 0.002441406, 0.9946289, 0.510998, 0.006248067, 0.005677007, -0.8595401, 0.5892293, 0.5892293, -0.05515385, 0.0532722, -2.028913, -0.4317757
-0.002929688, -0.01611328, 0.9912109, 0.4889524, 0.005968921, 0.005713791, -0.8722709, 0.5392441, 0.5392441, -0.08491135, 0.05852691, -2.059182, -0.4737173
0.0004882813, -0.015625, 0.9936523, 0.4779012, 0.005915855, 0.005772828, -0.8783714, 0.4880579, 0.4880579, -0.06120491, 0.06376348, -2.089489, -0.5156316
-0.005859375, -0.02148438, 0.987793, 0.4558594, 0.005743497, 0.005923913, -0.8900134, 0.4473447, 0.4473447, -0.1174669, 0.0690333, -2.11987, -0.5575303
0.005371094, -0.006347656, 0.9868164, 0.4449904, 0.005713685, 0.00599914, -0.8954968, 0.4049327, 0.4049327, -0.1299324, 0.07422003, -2.150332, -0.5994135
-0.003417969, -0.01025391, 0.9897461, 0.423176, 0.005453882, 0.006084886, -0.9060097, 0.3716134, 0.3716134, -0.1001549, 0.07937719, -2.180856, -0.6413113
0.001953125, -0.01367188, 0.9907227, 0.4020806, 0.005249624, 0.006207473, -0.9155676, 0.3407745, 0.3407745, -0.09029293, 0.08449925, -2.211437, -0.6831869
-0.002929688, -0.01171875, 0.9897461, 0.3912731, 0.005171467, 0.006273153, -0.9202385, 0.3084381, 0.3084381, -0.09994984, 0.08959796, -2.242081, -0.7250712
-0.004394531, -0.01416016, 0.9970703, 0.3804557, 0.005097646, 0.006349768, -0.9247631, 0.279261, 0.279261, -0.02766895, 0.09468971, -2.272741, -0.7669608
-0.01513672, -0.00390625, 0.9951172, 0.3488061, 0.004811704, 0.00640045, -0.9371606, 0.2605215, 0.2605215, -0.0478878, 0.09978508, -2.303432, -0.8089457
-0.005371094, -0.009765625, 0.980957, 0.3383402, 0.004723691, 0.00644121, -0.9409885, 0.2355517, 0.2355517, -0.1863337, 0.1048643, -2.334239, -0.8509591
-0.003417969, -0.007324219, 0.9838867, 0.328154, 0.004657003, 0.006481453, -0.9445904, 0.212915, 0.212915, -0.1580486, 0.109909, -2.365145, -0.8930057
-0.0078125, -0.01318359, 0.9941406, 0.3183267, 0.004587834, 0.006497518, -0.9479476, 0.1923557, 0.1923557, -0.05639362, 0.1149625, -2.396086, -0.9350741
-0.002929688, -0.01171875, 0.9907227, 0.288835, 0.004299938, 0.006538408, -0.9573461, 0.1796204, 0.1796204, -0.09034824, 0.1199977, -2.427084, -0.9771535
0.0004882813, -0.01367188, 0.9838867, 0.2791449, 0.004249089, 0.006572677, -0.9602169, 0.1619832, 0.1619832, -0.1572647, 0.125004, -2.45818, -1.019222
0.002929688, -0.01806641, 0.996582, 0.2602764, 0.004041663, 0.006732773, -0.9655014, 0.148434, 0.148434, -0.03218269, 0.1299813, -2.489296, -1.061253
-0.0009765625, -0.008300781, 0.9907227, 0.2509785, 0.003930374, 0.006762989, -0.9679594, 0.1335832, 0.1335832, -0.09093285, 0.1349217, -2.520468, -1.10331
-0.009277344, -0.01025391, 0.9868164, 0.2414522, 0.003867292, 0.006743605, -0.9703812, 0.1202146, 0.1202146, -0.1286097, 0.1398767, -2.551722, -1.145405
0.002929688, 0.001464844, 0.9765625, 0.2239263, 0.00374739, 0.006788804, -0.9745751, 0.1098909, 0.1098909, -0.231411, 0.1447497, -2.583119, -1.18757
0.004882813, -0.005859375, 0.9902344, 0.2154168, 0.003635368, 0.00678135, -0.9764917, 0.09845887, 0.09845887, -0.09629917, 0.1495498, -2.614578, -1.229761
-0.01611328, -0.005371094, 0.987793, 0.1988188, 0.003646215, 0.006851817, -0.9800054, 0.08970909, 0.08970909, -0.1194353, 0.1543939, -2.64611, -1.272033
-0.005371094, -0.0009765625, 0.9926758, 0.1826922, 0.003584846, 0.00692587, -0.983139, 0.08148997, 0.08148997, -0.07265377, 0.1592126, -2.677688, -1.314385
-0.008300781, -0.01220703, 0.9960938, 0.1744636, 0.003552799, 0.006942474, -0.9846326, 0.072554, 0.072554, -0.03735065, 0.1640473, -2.70929, -1.356761
-0.015625, -0.01318359, 0.9951172, 0.1666178, 0.003509032, 0.006974491, -0.9859905, 0.06440374, 0.06440374, -0.04645634, 0.1689427, -2.74092, -1.399169
-0.006347656, -0.007324219, 0.9746094, 0.1587788, 0.003426492, 0.006979338, -0.9872835, 0.05702627, 0.05702627, -0.2488861, 0.1738353, -2.772706, -1.441622
0.001464844, -0.004882813, 0.996582, 0.1437061, 0.003340032, 0.007011755, -0.9895897, 0.05136478, 0.05136478, -0.03406525, 0.1786752, -2.804514, -1.484123
-0.01123047, -0.01220703, 0.9829102, 0.1363404, 0.003342804, 0.007041159, -0.9906313, 0.04508266, 0.04508266, -0.1665249, 0.1835501, -2.836425, -1.526649
0.005371094, -0.01513672, 0.9819336, 0.1222, 0.003259503, 0.00706498, -0.9924749, 0.04020487, 0.04020487, -0.1764469, 0.1883662, -2.868447, -1.569157
-0.005371094, -0.01074219, 0.9814453, 0.1153274, 0.003201374, 0.007044094, -0.9932973, 0.03485818, 0.03485818, -0.1813726, 0.1931814, -2.900582, -1.611687
-0.004882813, -0.01464844, 0.9892578, 0.1018869, 0.003071016, 0.007074811, -0.9947659, 0.03067304, 0.03067304, -0.1041994, 0.1979984, -2.932782, -1.654218
-0.006347656, -0.002929688, 0.9907227, 0.09529496, 0.003017562, 0.007049219, -0.9954194, 0.02614439, 0.02614439, -0.09144306, 0.2028123, -2.965039, -1.69682
-0.01611328, -0.007324219, 0.9868164, 0.0832692, 0.002981283, 0.007016466, -0.9964978, 0.02248425, 0.02248425, -0.1286612, 0.207688, -2.997377, -1.739475
-0.008300781, -0.01220703, 0.9833984, 0.0771224, 0.002968553, 0.007021281, -0.9969923, 0.01864695, 0.01864695, -0.1618576, 0.2125833, -3.029816, -1.782147
-0.002929688, -0.01025391, 0.9902344, 0.06545479, 0.003024445, 0.007032714, -0.997826, 0.01552662, 0.01552662, -0.09534073, 0.2174624, -3.062314, -1.824841
-0.005859375, -0.0009765625, 0.9750977, 0.05989701, 0.002992206, 0.007004506, -0.9981753, 0.01226883, 0.01226883, -0.2449694, 0.2223372, -3.094966, -1.867615
-0.008789063, -0.01416016, 0.9765625, 0.04917951, 0.002947139, 0.006938142, -0.9987614, 0.009572113, 0.009572113, -0.2285967, 0.2272348, -3.12776, -1.910389
0, -0.01074219, 0.9921875, 0.04406449, 0.00288176, 0.006932154, -0.9990003, 0.006825126, 0.006825126, -0.07625103, 0.2320994, -3.160603, -1.95318
-0.00390625, -0.01074219, 0.9887695, 0.03382149, 0.002923564, 0.006900283, -0.9993997, 0.004514922, 0.004514922, -0.10958, 0.2369541, -3.193513, -1.995989
-0.004394531, -0.002441406, 0.9931641, 0.02932691, 0.002908109, 0.006881584, -0.9995418, 0.00220066, 0.00220066, -0.06758118, 0.2417987, -3.226466, -2.038868
-0.008789063, -0.001464844, 0.9882813, 0.02039433, 0.002851458, 0.006904392, -0.999764, 0.0002028947, 0.0002028947, -0.1153755, 0.2466613, -3.259491, -2.081823
-0.01025391, -0.005371094, 0.9936523, 0.01584796, 0.002734404, 0.00686032, -0.999847, -0.001718567, -0.001718567, -0.06207848, 0.2515531, -3.292555, -2.12483
0.004882813, -0.02685547, 0.9902344, 0.007387459, 0.002630221, 0.006880226, -0.9999455, -0.003424737, -0.003424737, -0.09346676, 0.2515531, -3.292555, -2.12483
-0.01660156, -0.00390625, 0.9790039, 0.003137668, 0.002603665, 0.006863835, -0.999968, -0.005024261, -0.005024261, -0.2056389, 0.2515531, -3.292555, -2.12483
0, 0, 0.9921875, 0.004960959, -0.002530809, -0.006795964, 0.9999613, -1.902072, -1.902072, -0.07766438, 0.2515228, -3.292603, -2.124913
0.007324219, -0.01757813, 0.9936523, 0.009089275, -0.002502071, -0.006733361, 0.9999328, -1.70534, -1.70534, -0.06132984, 0.2514158, -3.29269, -2.124971
0.01025391, -0.01464844, 0.9931641, 0.02016567, -0.002315424, -0.006758285, 0.999771, -1.528586, -1.528586, -0.06661987, 0.2512158, -3.292819, -2.125025
-0.003417969, -0.01953125, 0.9858398, 0.02016567, -0.002315424, -0.006758285, 0.999771, -1.37005, -1.37005, -0.1371632, 0.2510056, -3.293033, -2.125041
0, -0.01220703, 0.9873047, 0.02735103, -0.002297556, -0.006792927, 0.9996001, -1.227554, -1.227554, -0.1239262, 0.2507658, -3.293324, -2.125065
-0.001464844, -0.009277344, 0.9926758, 0.03052523, -0.002319405, -0.006769671, 0.9995083, -1.099697, -1.099697, -0.07155609, 0.2505057, -3.293661, -2.125114
0.00390625, -0.01513672, 0.9868164, 0.04016916, -0.00215675, -0.006722522, 0.9991679, -0.9846726, -0.9846726, -0.1285133, 0.2501916, -3.294078, -2.125156
0.0004882813, -0.008789063, 0.9892578, 0.04016916, -0.00215675, -0.006722522, 0.9991679, -0.8817287, -0.8817287, -0.1052284, 0.2498472, -3.29456, -2.125226
-0.00390625, -0.004882813, 0.9780273, 0.04649064, -0.002088951, -0.006607895, 0.9988946, -0.7890486, -0.7890486, -0.2156668, 0.2495026, -3.295177, -2.125345
-0.008300781, -0.01220703, 0.9814453, 0.04937592, -0.002002941, -0.006608504, 0.9987563, -0.7059711, -0.7059711, -0.1810036, 0.249181, -3.295908, -2.125465
0.0004882813, -0.006347656, 0.9936523, 0.0551307, -0.001857835, -0.006564327, 0.9984557, -0.6312331, -0.6312331, -0.06239605, 0.2488341, -3.296677, -2.125628
0.01269531, -0.01171875, 0.9902344, 0.05786322, -0.00181694, -0.00660194, 0.9983009, -0.564275, -0.564275, -0.09576702, 0.2483841, -3.297507, -2.12581
-0.008789063, -0.02001953, 1.005371, 0.06321175, -0.001636243, -0.006540481, 0.9979773, -0.5040033, -0.5040033, 0.05467033, 0.247957, -3.298302, -2.125945
0.0004882813, -0.001953125, 0.9902344, 0.06583489, -0.001627402, -0.00651326, 0.9978078, -0.4500415, -0.4500415, -0.09645081, 0.2475109, -3.299157, -2.126148
-0.001953125, -0.00390625, 0.9824219, 0.06797311, -0.001557951, -0.006502965, 0.9976646, -0.4016234, -0.4016234, -0.1727381, 0.2470601, -3.300121, -2.126406
0.001953125, -0.001464844, 0.9887695, 0.07027517, -0.001517191, -0.006448415, 0.9975055, -0.3581424, -0.3581424, -0.1109161, 0.2465832, -3.301153, -2.126736
0.007324219, -0.001464844, 0.9863281, 0.07714004, -0.00147967, -0.006449365, 0.9969982, -0.3187793, -0.3187793, -0.1350698, 0.2460488, -3.30227, -2.127143
0.4213867, 0.4399414, 0.4814453, 0.08124148, -0.001558647, -0.005288861, 0.9966791, -0.2836225, -0.2836225, -5.148112, 0.2433951, -3.306605, -2.130662
-0.1254883, -0.07324219, 1.000488, 0.09682404, -0.00185817, -0.005911388, 0.9952821, -0.2510418, -0.2510418, 0.01819515, 0.2413941, -3.310928, -2.133666
0.02441406, 0.006835938, 0.9882813, 0.09858435, -0.001784633, -0.006653626, 0.9951047, -0.222954, -0.222954, -0.1179104, 0.239241, -3.315325, -2.136823
0.006347656, -0.07421875, 0.9882813, 0.0975344, -0.002019003, -0.006710955, 0.9952074, -0.1980068, -0.1980068, -0.1068068, 0.236945, -3.319789, -2.139625
-0.02050781, 0.009277344, 1.009277, 0.09279637, -0.003305222, -0.009407181, 0.995635, -0.1759215, -0.1759215, 0.08906841, 0.2347531, -3.324197, -2.142579
-0.04833984, 0.0078125, 0.9887695, 0.0881383, -0.00426711, -0.01341865, 0.9960085, -0.1560453, -0.1560453, -0.1108561, 0.2328242, -3.328674, -2.145695
-0.1225586, 0.1132813, 1.095215, 0.06749392, 0.001546069, -0.01867496, 0.9975436, -0.1393052, -0.1393052, 0.8841982, 0.231771, -3.332599, -2.149646
-0.2597656, 0.02783203, 0.9931641, 0.06004191, -0.000993059, -0.02124446, 0.9979691, -0.1232256, -0.1232256, -0.0758667, 0.2323229, -3.336571, -2.153834
-0.4370117, 0.1689453, 1.277344, 0.06238032, -0.003773613, -0.03422347, 0.9974582, -0.1079054, -0.1079054, 2.629238, 0.235637, -3.3389, -2.159254
-0.5449219, 0.1611328, 1.45459, 0.06309376, -0.005115715, -0.05423114, 0.9965198, -0.09375142, -0.09375142, 4.296101, 0.2423603, -3.338543, -2.166199
-0.6538086, 0.2275391, 1.503418, 0.05943328, 0.001197468, -0.05757794, 0.9965695, -0.08198719, -0.08198719, 4.612805, 0.253314, -3.335304, -2.175101
-0.8671875, 0.128418, 1.441895, 0.0474438, 0.02568286, -0.05637249, 0.996951, -0.0717445, -0.0717445, 3.691616, 0.270126, -3.329758, -2.185236
-0.8657227, 0.2612305, 1.153809, 0.0378544, 0.03667209, -0.05519786, 0.9970833, -0.06231622, -0.06231622, 0.5346622, 0.2928777, -3.323877, -2.197295
-0.8276367, 0.2822266, 1.127441, 0.005267097, -0.05546129, 0.06544221, -0.9962999, 1.835659, 1.835659, -0.1748476, 0.3214008, -3.318106, -2.211992
-0.7260742, 0.2773438, 1.064941, 0.005267097, -0.05546129, 0.06544221, -0.9962999, 1.646006, 1.646006, -0.6619377, 0.3550349, -3.312748, -2.229244
-0.6987305, 0.2075195, 1.145508, 0.04909626, -0.05940254, 0.07469983, -0.9942236, 1.473765, 1.473765, 0.07227421, 0.3935449, -3.307345, -2.249212
-0.4052734, 0.4013672, 1.067871, 0.07545592, -0.06181488, 0.07705401, -0.9922438, 1.319222, 1.319222, -0.6379261, 0.4348274, -3.302341, -2.272995
-0.4003906, 0.40625, 0.9985352, 0.1345309, -0.07210703, 0.07456513, -0.9854653, 1.175929, 1.175929, -1.37055, 0.4785105, -3.298193, -2.300793
-0.2836914, 0.3920898, 1.017578, 0.1650952, -0.07722062, 0.07417144, -0.9804483, 1.048965, 1.048965, -1.007368, 0.5238035, -3.294676, -2.332448
-0.4389648, 0.2050781, 1.060547, 0.2268134, -0.06707698, 0.08119266, -0.9682272, 0.9281599, 0.9281599, -0.6098709, 0.571526, -3.291539, -2.367588
-0.7866211, 0.3427734, 0.7548828, 0.2596804, -0.04688967, 0.09673288, -0.9596921, 0.8232217, 0.8232217, -4.200377, 0.6225172, -3.291028, -2.407838
-0.7485352, 0.5039063, 0.730957, 0.3388968, 0.01223482, 0.1287919, -0.9318849, 0.7107611, 0.7107611, -4.580494, 0.6746072, -3.293379, -2.454318
-0.7641602, 0.9458008, 0.6416016, 0.3829066, 0.04362936, 0.1326939, -0.9131654, 0.6184688, 0.6184688, -6.484488, 0.7252893, -3.299783, -2.508844
-0.6225586, 1.172363, 0.890625, 0.4872674, 0.09420498, 0.1154554, -0.8604447, 0.5034232, 0.5034232, -4.498958, 0.7705374, -3.308999, -2.570821
-0.1206055, 1.581055, 1.169922, 0.535825, 0.1160861, 0.1065622, -0.8294938, 0.4208843, 0.4208843, -3.481787, 0.8055027, -3.320391, -2.637757
0.002441406, 1.69043, 1.339355, 0.6103829, 0.1506283, 0.09915522, -0.7713045, 0.3210318, 0.3210318, -3.114023, 0.8281132, -3.33373, -2.706862
0.6630859, 1.874512, 1.575195, 0.6789234, 0.1535223, 0.07205779, -0.7143485, 0.2326801, 0.2326801, -1.762995, 0.8366408, -3.34817, -2.771693
0.9790039, 1.574219, 1.701172, 0.7137061, 0.1388277, 0.04227694, -0.6852466, 0.179883, 0.179883, 0.9728003, 0.8335708, -3.362002, -2.828903
0.7836914, 0.7695313, 1.594238, 0.7137061, 0.1388277, 0.04227694, -0.6852466, 0.1601301, 0.1601301, 2.238574, 0.8237669, -3.374435, -2.879882
0.6567383, 0.5742188, 1.43457, 0.7177087, 0.1019533, 0.03302558, -0.688047, 0.1450528, 0.1450528, 2.261024, 0.809064, -3.385455, -2.925855
0.6088867, 0.4301758, 1.094238, 0.7177087, 0.1019533, 0.03302558, -0.688047, 0.1288586, 0.1288586, -0.6863232, 0.7907051, -3.396904, -2.967354
0.5141602, 0.3310547, 0.9907227, 0.6959444, 0.07617328, 0.02786128, -0.7135, 0.1384472, 0.1384472, -1.045005, 0.7693809, -3.409006, -3.005367
0.3334961, 0.1303711, 1.0625, 0.6959444, 0.07617328, 0.02786128, -0.7135, 0.1228789, 0.1228789, 0.06079006, 0.7462653, -3.42107, -3.040932
0.2563477, 0.05615234, 1.080566, 0.6712614, 0.07282209, 0.02202402, -0.7372926, 0.1314558, 0.1314558, 0.4002142, 0.7217641, -3.432884, -3.074537
0.06298828, -0.02441406, 1.064941, 0.6576491, 0.06853908, 0.01880066, -0.7499642, 0.1285673, 0.1285673, 0.5116386, 0.6965289, -3.444378, -3.107336
-0.01708984, -0.05126953, 1.098145, 0.6192558, 0.05832288, 0.007696878, -0.7829818, 0.1452342, 0.1452342, 0.9443398, 0.6709428, -3.455282, -3.139759
0.00390625, -0.006347656, 1.100098, 0.6192558, 0.05832288, 0.007696878, -0.7829818, 0.1288351, 0.1288351, 0.9093742, 0.6447088, -3.465618, -3.171743
0.002929688, 0.01513672, 1.072754, 0.5830014, 0.04934456, -0.001906835, -0.8109639, 0.1406372, 0.1406372, 0.6519423, 0.6178694, -3.475546, -3.203341
0.01513672, -0.02441406, 1.072754, 0.5830014, 0.04934456, -0.001906835, -0.8109639, 0.1246542, 0.1246542, 0.6632156, 0.5906307, -3.485059, -3.234404
-0.03271484, -0.01611328, 1.0625, 0.542702, 0.04468919, -0.01077964, -0.8386661, 0.1365648, 0.1365648, 0.6016912, 0.5631514, -3.494197, -3.265176
-0.05664063, -0.0234375, 1.126465, 0.542702, 0.04468919, -0.01077964, -0.8386661, 0.120945, 0.120945, 1.24906, 0.5355076, -3.502554, -3.295744
-0.09863281, 0, 1.126465, 0.5143446, 0.04282463, -0.01636751, -0.8563564, 0.1236924, 0.1236924, 1.281426, 0.507756, -3.51011, -3.326347
-0.1015625, 0.01269531, 1.099609, 0.5006338, 0.04211074, -0.0183307, -0.8644391, 0.117018, 0.117018, 1.02118, 0.4798782, -3.517028, -3.357028
-0.1152344, 0, 1.064941, 0.4573568, 0.04212115, -0.01857656, -0.8880908, 0.1257687, 0.1257687, 0.696578, 0.4520313, -3.52351, -3.387815
-0.1079102, -0.00390625, 1.04541, 0.4573568, 0.04212115, -0.01857656, -0.8880908, 0.1111602, 0.1111602, 0.499404, 0.4242157, -3.52968, -3.418666
-0.07275391, 0.02441406, 1.01709, 0.4171353, 0.03232318, -0.01841717, -0.9080811, 0.1169956, 0.1169956, 0.1944504, 0.3963062, -3.535729, -3.449576
-0.07568359, 0.03857422, 0.996582, 0.4171353, 0.03232318, -0.01841717, -0.9080811, 0.103248, 0.103248, -0.003145218, 0.3682539, -3.54178, -3.480621
-0.09619141, 0.02050781, 1.029785, 0.3904083, 0.02709354, -0.02134083, -0.9199954, 0.1022019, 0.1022019, 0.3345699, 0.3403108, -3.547621, -3.511795
-0.1191406, 0.008300781, 1.065918, 0.3771021, 0.02819741, -0.02164632, -0.9254891, 0.0951552, 0.0951552, 0.7018414, 0.3126193, -3.553024, -3.543113
-0.1079102, 0.04003906, 1.041504, 0.3383009, 0.03446392, -0.01948777, -0.9402032, 0.09756008, 0.09756008, 0.4629183, 0.2849502, -3.558138, -3.574658
-0.07470703, 0.06298828, 1.055664, 0.326616, 0.03484818, -0.01865366, -0.9443302, 0.08965661, 0.08965661, 0.5785742, 0.2570545, -3.56289, -3.606413
-0.1030273, 0.02294922, 1.064941, 0.3034442, 0.03600896, -0.01477493, -0.9520536, 0.08596479, 0.08596479, 0.6851969, 0.2292019, -3.567213, -3.638321
-0.1044922, 0.02880859, 1.03125, 0.3034442, 0.03600896, -0.01477493, -0.9520536, 0.07531711, 0.07531711, 0.3571606, 0.2013913, -3.571314, -3.670426
-0.1479492, -0.01123047, 1.016113, 0.2807419, 0.04208543, -0.005765788, -0.9588426, 0.07219639, 0.07219639, 0.2453175, 0.173896, -3.575261, -3.702744
-0.1748047, -0.01416016, 0.9956055, 0.2690083, 0.04743657, 0.0006692465, -0.9619686, 0.06591205, 0.06591205, 0.07253551, 0.1467982, -3.579163, -3.735396
-0.152832, -0.02539063, 0.9775391, 0.2380475, 0.05655262, 0.01426459, -0.9694996, 0.06444254, 0.06444254, -0.1177654, 0.1198989, -3.583138, -3.768348
-0.1450195, -0.0078125, 0.9257813, 0.2380475, 0.05655262, 0.01426459, -0.9694996, 0.05597295, 0.05597295, -0.6393518, 0.09314336, -3.587513, -3.801673
-0.1660156, -0.02490234, 0.9165039, 0.2195554, 0.0568932, 0.01843943, -0.973765, 0.05241583, 0.05241583, -0.7012739, 0.06669782, -3.592327, -3.83536
-0.1821289, -0.04931641, 0.9492188, 0.2111591, 0.05750046, 0.0196611, -0.9755605, 0.04687619, 0.04687619, -0.351018, 0.04068462, -3.59736, -3.869315
-0.1782227, -0.05224609, 0.9331055, 0.1939271, 0.06002685, 0.02278351, -0.9789125, 0.0433782, 0.0433782, -0.5068884, 0.01507192, -3.602709, -3.903515
-0.1513672, -0.03808594, 0.9331055, 0.1854631, 0.06055285, 0.02375158, -0.980496, 0.03855836, 0.03855836, -0.5446548, -0.01032885, -3.608399, -3.937976
-0.137207, -0.04394531, 0.953125, 0.1714488, 0.06025067, 0.02405772, -0.9830544, 0.03515592, 0.03515592, -0.3609114, -0.03559436, -3.614315, -3.972625
-0.159668, -0.03710938, 0.9355469, 0.164891, 0.06055405, 0.02419136, -0.9841538, 0.03071698, 0.03071698, -0.5115337, -0.06059758, -3.62055, -4.007538
-0.1469727, -0.03173828, 0.9306641, 0.1526678, 0.06263199, 0.02461344, -0.9859836, 0.02742578, 0.02742578, -0.5745707, -0.0854384, -3.627145, -4.042708
-0.1132813, 0.01123047, 0.9731445, 0.1466012, 0.06372168, 0.02493873, -0.9868256, 0.02353488, 0.02353488, -0.2286997, -0.1104339, -3.633882, -4.07833
-0.1396484, -0.02734375, 0.9921875, 0.1338789, 0.06526984, 0.02483069, -0.988534, 0.02086527, 0.02086527, 0.01395607, -0.1353928, -3.64061, -4.114211
-0.078125, 0.01416016, 0.9951172, 0.1279039, 0.06539361, 0.0239888, -0.9893374, 0.01761119, 0.01761119, -0.05708027, -0.160741, -3.647375, -4.150486
-0.07275391, 0.01074219, 1.030762, 0.1085577, 0.06650066, 0.02385525, -0.9915763, 0.0160527, 0.0160527, 0.28475, -0.1865378, -3.653961, -4.187131
-0.04296875, 0.0390625, 1.053223, 0.1085577, 0.06650066, 0.02385525, -0.9915763, 0.01253082, 0.01253082, 0.4487162, -0.2130156, -3.660267, -4.22428
-0.01318359, 0.05566406, 1.088867, 0.09983895, 0.06337629, 0.02182628, -0.9927431, 0.01047901, 0.01047901, 0.7609377, -0.2403506, -3.666097, -4.261983
0.005371094, 0.06005859, 1.108887, 0.09526353, 0.06268448, 0.02362742, -0.9931954, 0.007961275, 0.007961275, 0.929533, -0.2686636, -3.671346, -4.30028
-0.01855469, 0.04345703, 1.116699, 0.0816177, 0.07093105, 0.03791242, -0.9934132, 0.00548194, 0.00548194, 0.990572, -0.2979144, -3.675977, -4.339293
0.2495117, 0.2958984, 1.105957, 0.070466, 0.0798274, 0.050028, -0.9930554, 0.002714094, 0.002714094, 0.1549606, -0.3300227, -3.68051, -4.380466
0.3393555, 0.3955078, 1.122559, 0.0465688, 0.09266943, 0.06938197, -0.9921843, -0.0002524545, -0.0002524545, -0.2512093, -0.3300227, -3.68051, -4.380466
0.1582031, 0.3520508, 1.194824, 0.0337133, 0.09338243, 0.07008155, -0.9925883, -0.001701165, -0.001701165, 0.8090649, -0.3300227, -3.68051, -4.380466
0.02197266, 0.2841797, 1.345703, 0.0212145, -0.09949129, -0.07458086, 0.9920126, -1.884447, -1.884447, 2.539166, -0.331658, -3.678923, -4.383447
-0.00390625, 0.206543, 1.521484, 0.03965925, -0.09997449, -0.08374818, 0.9906656, -1.688187, -1.688187, 4.29573, -0.334935, -3.674651, -4.389293
0.06787109, 0.2661133, 1.491699, 0.07661471, -0.0933072, -0.1055994, 0.9870524, -1.509839, -1.509839, 3.602097, -0.3398739, -3.668128, -4.398807
0.06884766, 0.347168, 1.330566, 0.09645187, -0.08621885, -0.1157667, 0.9848153, -1.35103, -1.35103, 1.84923, -0.345977, -3.660449, -4.41242
-0.02587891, 0.3544922, 1.202148, 0.1172777, -0.07982676, -0.1282847, 0.9815378, -1.207469, -1.207469, 0.6813927, -0.3523162, -3.652344, -4.430037
0.04052734, 0.3623047, 1.112793, 0.1641664, -0.07519264, -0.1704557, 0.9686795, -1.069508, -1.069508, -0.8174448, -0.3587363, -3.64475, -4.45212
0.08007813, 0.4487305, 1.22168, 0.1911219, -0.07190428, -0.1993026, 0.958426, -0.948144, -0.948144, -0.630208, -0.3649814, -3.63755, -4.479769
-0.03076172, 0.6264648, 1.104492, 0.2563865, -0.05135956, -0.2520625, 0.9317147, -0.8236076, -0.8236076, -3.065784, -0.368902, -3.632267, -4.513539
-0.2353516, 0.6376953, 0.8959961, 0.328373, -0.02686507, -0.2900954, 0.8984953, -0.7056895, -0.7056895, -5.111801, -0.3685433, -3.630177, -4.551849
-0.2451172, 0.4926758, 1.13623, 0.3680451, -0.01081831, -0.3002766, 0.8799187, -0.6137748, -0.6137748, -2.614507, -0.363706, -3.629723, -4.594591
-0.3754883, 0.3862305, 1.044434, 0.4090829, 0.01061799, -0.3032905, 0.8605524, -0.5305476, -0.5305476, -2.615344, -0.3539794, -3.630902, -4.640123
-0.5834961, 0.128418, 0.7485352, 0.4898612, 0.05018378, -0.288796, 0.8210444, -0.4367794, -0.4367794, -3.240225, -0.340123, -3.634107, -4.684903
-0.6191406, 0.1704102, 0.612793, 0.5597599, 0.08962047, -0.2710417, 0.7779285, -0.349262, -0.349262, -4.65492, -0.3223872, -3.640221, -4.727637
-0.496582, 0.2382813, 0.6040039, 0.5597599, 0.08962047, -0.2710417, 0.7779285, -0.3116507, -0.3116507, -5.271842, -0.3007222, -3.64963, -4.769092
-0.605957, 0.1796875, 0.5966797, 0.6630093, 0.113827, -0.2472232, 0.6973826, -0.2015426, -0.2015426, -4.692682, -0.2759676, -3.661972, -4.80761
-0.6523438, 0.1166992, 0.7866211, 0.6941038, 0.115904, -0.2334265, 0.6710422, -0.1542406, -0.1542406, -2.606103, -0.2482338, -3.675943, -4.842868
-0.6918945, 0.08251953, 0.8261719, 0.7502015, 0.1202462, -0.19645, 0.6197949, -0.08822487, -0.08822487, -1.919454, -0.2184608, -3.691113, -4.874198
-0.9360352, 0.01464844, 0.8989258, 0.774191, 0.1198442, -0.1803877, 0.5947483, -0.05390256, -0.05390256, -0.6205006, -0.1875893, -3.706672, -4.900132
-0.9155273, 0.01708984, 1.009277, 0.7899719, 0.1160234, -0.1686071, 0.5779736, -0.03098522, -0.03098522, 0.3860846, -0.1556918, -3.721989, -4.920759
-0.8867188, -0.112793, 1.312012, 0.8171358, 0.1121183, -0.1542073, 0.5439937, 0.005858543, 0.005858543, 3.644626, -0.1233369, -3.735028, -4.936506
-0.9399414, -0.1870117, 1.268066, 0.8263745, 0.1114311, -0.1466461, 0.5321321, 0.01789664, 0.01789664, 3.551292, -0.09139799, -3.745847, -4.947246
-0.855957, -0.1611328, 1.061035, 0.8333487, 0.1116353, -0.1375065, 0.5235917, 0.02552796, 0.02552796, 1.410226, -0.06021156, -3.755785, -4.953393
-0.8583984, -0.1894531, 1.013672, 0.8431555, 0.1099079, -0.1203908, 0.5123551, 0.03491347, 0.03491347, 0.9405422, -0.03038356, -3.765136, -4.954991
-0.8339844, -0.3227539, 0.9995117, 0.8483483, 0.1054922, -0.1105917, 0.5068929, 0.03783955, 0.03783955, 1.119017, -0.002766646, -3.773786, -4.952581
-0.71875, -0.3012695, 0.9692383, 0.8493049, 0.1028521, -0.1074312, 0.5065132, 0.03563444, 0.03563444, 0.667592, 0.02296155, -3.78202, -4.946752
-0.6186523, -0.328125, 0.96875, 0.8486823, 0.09682181, -0.09944466, 0.5103617, 0.02964321, 0.02964321, 0.6076517, 0.04683318, -3.789874, -4.938116
-0.5561523, -0.296875, 0.9291992, 0.8466988, 0.09270182, -0.09537394, 0.5151749, 0.02335515, 0.02335515, 0.0863533, 0.06907548, -3.797673, -4.926933
-0.418457, -0.3217773, 0.9848633, 0.839547, 0.08338292, -0.09178622, 0.5289375, 0.009234405, 0.009234405, 0.5733881, 0.08997223, -3.805115, -4.914014
-0.3793945, -0.3481445, 1.027832, 0.835393, 0.08089323, -0.09078801, 0.5360245, 0.002910528, 0.002910528, 1.010651, 0.10954, -3.811925, -4.89962
-0.2783203, -0.3017578, 1.066406, 0.8303806, 0.07907067, -0.08985271, 0.544167, -0.003755418, -0.003755418, 1.202394, 0.1283321, -3.817983, -4.884171
-0.2172852, -0.2460938, 1.009277, 0.8178532, 0.07597832, -0.08926719, 0.5633513, -0.02019147, -0.02019147, 0.4905148, 0.1467221, -3.823735, -4.867864
-0.1098633, -0.2387695, 0.96875, 0.8038212, 0.07351671, -0.08692274, 0.583873, -0.0361775, -0.0361775, 0.0197773, 0.1648925, -3.829475, -4.851267
-0.09570313, -0.2666016, 0.96875, 0.7962891, 0.07241353, -0.08589528, 0.5943905, -0.04100661, -0.04100661, 0.06981945, 0.1826963, -3.835171, -4.834491
-0.02880859, -0.2324219, 0.9448242, 0.7807044, 0.06970564, -0.08583618, 0.6150393, -0.05492565, -0.05492565, -0.2653818, 0.2003812, -3.841032, -4.817857
-0.009277344, -0.2353516, 0.9765625, 0.7727652, 0.06830027, -0.08663635, 0.6250302, -0.05727917, -0.05727917, 0.03506088, 0.2179907, -3.846872, -4.801486
-0.004882813, -0.2167969, 0.940918, 0.7574511, 0.06588922, -0.08955304, 0.6433557, -0.06727389, -0.06727389, -0.3480015, 0.2355874, -3.852929, -4.785393
0.007324219, -0.2026367, 0.9667969, 0.7498131, 0.06455301, -0.09063938, 0.652225, -0.06724831, -0.06724831, -0.1368475, 0.2532943, -3.859072, -4.769645
-0.01025391, -0.2158203, 0.9526367, 0.7350902, 0.06350021, -0.09306337, 0.6685356, -0.07426286, -0.07426286, -0.2355518, 0.2710057, -3.865362, -4.754147
0.009277344, -0.2250977, 0.9365234, 0.7284045, 0.06323656, -0.09484012, 0.6755961, -0.07176133, -0.07176133, -0.3798494, 0.2886633, -3.87189, -4.739021
0.01611328, -0.2133789, 0.9589844, 0.7220659, 0.0628204, -0.09728295, 0.6820627, -0.06894081, -0.06894081, -0.1956568, 0.3063831, -3.878539, -4.724321
-0.00390625, -0.2392578, 0.9521484, 0.7105884, 0.06230769, -0.1010155, 0.6934985, -0.07110813, -0.07110813, -0.1936951, 0.3240178, -3.88531, -4.709943
-0.02783203, -0.2397461, 0.9584961, 0.7043464, 0.06227832, -0.1019575, 0.6997139, -0.06808492, -0.06808492, -0.1182547, 0.3415784, -3.892155, -4.695736
-0.02001953, -0.2397461, 0.9458008, 0.6905401, 0.06234923, -0.1018284, 0.71337, -0.07241333, -0.07241333, -0.2418842, 0.3590457, -3.899151, -4.681713
-0.01416016, -0.2475586, 0.9516602, 0.677301, 0.06180502, -0.102504, 0.7258972, -0.07520366, -0.07520366, -0.1701708, 0.3763798, -3.906253, -4.66789
-0.03564453, -0.265625, 0.9575195, 0.6709827, 0.06123819, -0.1025883, 0.7317702, -0.07137854, -0.07137854, -0.06272221, 0.3934897, -3.913394, -4.65412
-0.04882813, -0.2460938, 0.9550781, 0.6651524, 0.06063769, -0.1028197, 0.7371046, -0.06742495, -0.06742495, -0.1243076, 0.4104955, -3.920614, -4.640326
-0.05322266, -0.253418, 0.9575195, 0.6590611, 0.05994617, -0.1032217, 0.7425564, -0.06397888, -0.06397888, -0.08231735, 0.4273617, -3.927884, -4.626475
-0.05126953, -0.2426758, 0.953125, 0.6401572, 0.05730813, -0.1046081, 0.7589278, -0.07122696, -0.07122696, -0.1496096, 0.4441456, -3.935248, -4.612577
-0.07177734, -0.2456055, 0.9521484, 0.6337932, 0.05611321, -0.1053457, 0.7642378, -0.06721862, -0.06721862, -0.1425962, 0.4608526, -3.942701, -4.59851
-0.07177734, -0.2861328, 0.9511719, 0.6274529, 0.05493452, -0.1064471, 0.7693852, -0.06345813, -0.06345813, -0.05896378, 0.4772491, -3.950191, -4.584233
-0.078125, -0.2988281, 0.9311523, 0.6158413, 0.05265765, -0.10883, 0.7785382, -0.06387142, -0.06387142, -0.2156467, 0.4932561, -3.957816, -4.569689
-0.0625, -0.2744141, 0.9658203, 0.6099316, 0.05094017, -0.1100311, 0.7831221, -0.05989596, -0.05989596, 0.05069447, 0.509038, -3.965409, -4.555038
-0.03564453, -0.2626953, 1.011719, 0.5983311, 0.04690624, -0.1124564, 0.7919281, -0.06032264, -0.06032264, 0.4449949, 0.5246673, -3.972724, -4.540517
-0.06738281, -0.2563477, 0.9941406, 0.5870105, 0.04368503, -0.1143845, 0.8002589, -0.06024037, -0.06024037, 0.282012, 0.5402072, -3.979863, -4.525959
-0.05908203, -0.2373047, 0.9897461, 0.581467, 0.04237094, -0.1150427, 0.8042753, -0.0560633, -0.0560633, 0.1910849, 0.5557418, -3.986882, -4.511451
-0.08642578, -0.2602539, 0.980957, 0.5706428, 0.03982386, -0.1158722, 0.812005, -0.05582799, -0.05582799, 0.1780176, 0.5711799, -3.99379, -4.496792
-0.1069336, -0.2568359, 0.9160156, 0.5651582, 0.03772707, -0.1165473, 0.8158359, -0.05190869, -0.05190869, -0.4333916, 0.5865003, -4.000969, -4.481824
-0.1220703, -0.2578125, 0.9746094, 0.5595697, 0.03675415, -0.1169789, 0.8196622, -0.04838143, -0.04838143, 0.1370783, 0.6018043, -4.008062, -4.466516
-0.1210938, -0.2275391, 0.9189453, 0.5484642, 0.03406242, -0.1189572, 0.8269677, -0.04850814, -0.04850814, -0.4605408, 0.6172007, -4.015443, -4.450911
-0.2314453, -0.246582, 0.8833008, 0.5428014, 0.03122164, -0.1198441, 0.8306798, -0.04520433, -0.04520433, -0.6693802, 0.6328107, -4.023243, -4.434332
-0.2807617, -0.2607422, 0.9248047, 0.531099, 0.02195814, -0.1237855, 0.8379312, -0.04558895, -0.04558895, -0.1733665, 0.6487092, -4.031151, -4.416608
-0.3798828, -0.2631836, 1.016113, 0.5245205, 0.01720735, -0.1232037, 0.8422605, -0.04315326, -0.04315326, 0.805624, 0.6652209, -4.038555, -4.39732
-0.4658203, -0.2553711, 1.039551, 0.5078089, 0.01173755, -0.1205659, 0.8529102, -0.0469519, -0.0469519, 1.101855, 0.6826711, -4.045271, -4.376072
-0.6347656, -0.2695313, 1.04248, 0.4879154, 0.01124261, -0.1185318, 0.8647321, -0.05145475, -0.05145475, 1.297009, 0.7016326, -4.051176, -4.351951
-0.6801758, -0.2514648, 1.062012, 0.4757253, 0.01301219, -0.1176358, 0.8715902, -0.05077136, -0.05077136, 1.448333, 0.722478, -4.056176, -4.324811
-0.6000977, -0.08251953, 1.109375, 0.4500489, 0.02226075, -0.1221388, 0.8843315, -0.05572366, -0.05572366, 1.343988, 0.7461243, -4.060336, -4.295771
-0.5615234, -0.01025391, 1.125, 0.4364028, 0.02979583, -0.1248864, 0.8905434, -0.05395799, -0.05395799, 1.195496, 0.7729654, -4.063748, -4.265346
-0.71875, -0.005371094, 1.072754, 0.401948, 0.04860508, -0.1325893, 0.9047068, -0.05990039, -0.05990039, 0.4401188, 0.8040245, -4.066886, -4.23296
-0.6967773, -0.02880859, 1.138184, 0.382093, 0.05749229, -0.1400199, 0.9116434, -0.05835976, -0.05835976, 0.9433956, 0.8394381, -4.069434, -4.198885
-0.6191406, 0.1098633, 0.984375, 0.3388202, 0.06726596, -0.1579318, 0.9250574, -0.06310543, -0.06310543, -1.19229, 0.8795469, -4.072727, -4.164324
-0.5385742, 0.1396484, 1.058105, 0.3164511, 0.0697673, -0.1649773, 0.9315436, -0.06077537, -0.06077537, -0.7127266, 0.92427, -4.076465, -4.130085
-0.559082, 0.07910156, 1.041992, 0.2921842, 0.07082673, -0.1691877, 0.938608, -0.05922199, -0.05922199, -0.7413445, 0.9735368, -4.080667, -4.096024
-0.496582, 0.09326172, 1.09668, 0.2373623, 0.0651572, -0.1821279, 0.9519666, -0.06378254, -0.06378254, -0.3853359, 1.02714, -4.08511, -4.063107
-0.4760742, 0.1914063, 1.050293, 0.1776024, 0.04099306, -0.2028932, 0.9620857, -0.06478231, -0.06478231, -1.181741, 1.084821, -4.090291, -4.032568
-0.4277344, 0.1801758, 1.047852, 0.1186201, 0.0005690996, -0.2220315, 0.9677966, -0.06148446, -0.06148446, -1.087542, 1.14565, -4.096152, -4.00515
-0.7304688, 0.04003906, 0.8916016, 0.08778697, -0.02386471, -0.2289028, 0.9691889, -0.05442275, -0.05442275, -1.543088, 1.210895, -4.102977, -3.979683
-0.8881836, 0.01855469, 0.809082, 0.05352421, -0.05032522, -0.2329979, 0.969698, -0.04724709, -0.04724709, -1.788434, 1.28118, -4.11092, -3.956149
-0.9199219, 0.234375, 0.8125, 0.01458536, -0.07643337, -0.2318689, 0.9696297, -0.04026097, -0.04026097, -2.419605, 1.356425, -4.120376, -3.936187
-0.8862305, 0.3881836, 0.777832, 0.0708633, 0.1202371, 0.2158003, -0.9664116, 1.800981, 1.800981, -3.009518, 1.435435, -4.131712, -3.921294
-0.9165039, 0.7949219, 0.5268555, 0.1689999, 0.1460038, 0.1731735, -0.9592351, 1.608063, 1.608063, -6.155379, 1.517076, -4.146896, -3.913725
-0.8535156, 1.081055, 0.6704102, 0.2897953, 0.1570631, 0.1232599, -0.9360316, 1.419685, 1.419685, -5.30639, 1.597971, -4.165396, -3.915084
-1.069824, 1.356934, 1.000977, 0.3535642, 0.1653772, 0.1024674, -0.9149551, 1.252623, 1.252623, -2.37082, 1.676025, -4.185378, -3.927408
-0.7397461, 1.85498, 1.185547, 0.4203702, 0.1800497, 0.080042, -0.8856987, 1.094927, 1.094927, -2.591458, 1.745768, -4.206979, -3.950378
0.05078125, 1.827637, 1.842773, 0.4751507, 0.2011952, 0.05815914, -0.8546114, 0.9516745, 0.9516745, 1.327732, 1.802017, -4.227751, -3.978121
0.2080078, 1.60791, 1.770996, 0.554477, 0.2193742, 0.01618179, -0.8026007, 0.8032976, 0.8032976, 0.9531755, 1.845175, -4.247927, -4.006152
0.293457, 1.175781, 1.666504, 0.6077752, 0.1817949, -0.01071067, -0.7729447, 0.6913855, 0.6913855, 2.249611, 1.878442, -4.266696, -4.031953
0.4614258, 1.020508, 1.601563, 0.6326773, 0.1570873, -0.01899934, -0.7580776, 0.6049927, 0.6049927, 2.22612, 1.903142, -4.284075, -4.054066
0.6889648, 0.7436523, 1.472168, 0.6776646, 0.1180247, -0.02919377, -0.7252443, 0.5104336, 0.5104336, 1.922482, 1.921915, -4.300252, -4.070594
0.5087891, 0.5292969, 1.361816, 0.6907997, 0.10498, -0.03063644, -0.7147273, 0.4467621, 0.4467621, 1.743895, 1.936489, -4.315339, -4.082627
0.465332, 0.4067383, 1.178223, 0.7013972, 0.09505782, -0.03085583, -0.7057291, 0.3910617, 0.3910617, 0.3491182, 1.947928, -4.330208, -4.090609
0.4335938, 0.3740234, 1.082031, 0.7086302, 0.07968834, -0.03063691, -0.7003907, 0.3445439, 0.3445439, -0.2664385, 1.956673, -4.345243, -4.094917
0.3095703, 0.2661133, 0.9970703, 0.7086302, 0.07968834, -0.03063691, -0.7003907, 0.3078535, 0.3078535, -0.8249874, 1.963405, -4.360794, -4.096388
0.2084961, 0.1972656, 1.002441, 0.6992048, 0.07394098, -0.03296018, -0.710323, 0.2843292, 0.2843292, -0.5235538, 1.968554, -4.376672, -4.095696
0.06738281, 0.1196289, 0.9863281, 0.6904713, 0.07317735, -0.035099, -0.7187915, 0.2618028, 0.2618028, -0.4225445, 1.972613, -4.392815, -4.093712
0.05957031, 0.08251953, 1.060547, 0.6710091, 0.07419142, -0.04214323, -0.7365096, 0.2503298, 0.2503298, 0.3152113, 1.975793, -4.40876, -4.090366
-0.03662109, 0.02685547, 1.13916, 0.6580023, 0.07612216, -0.04593116, -0.7477489, 0.2338533, 0.2338533, 1.242816, 1.978465, -4.423929, -4.086082
-0.04980469, 0.03515625, 1.189453, 0.6198899, 0.0784771, -0.05383385, -0.778896, 0.2379085, 0.2379085, 1.734884, 1.980589, -4.438013, -4.080818
-0.01123047, 0.06054688, 1.209961, 0.6068695, 0.07840271, -0.05510694, -0.7890018, 0.2215418, 0.2215418, 1.857828, 1.98195, -4.450936, -4.074364
-0.02148438, 0.07470703, 1.160156, 0.5938823, 0.07820681, -0.055962, -0.7987812, 0.2065197, 0.2065197, 1.398412, 1.982494, -4.462986, -4.066869
-0.09960938, 0.05761719, 1.124512, 0.580518, 0.07811868, -0.05733427, -0.808457, 0.1929167, 0.1929167, 1.203903, 1.982482, -4.474282, -4.05879
-0.1625977, 0.001464844, 1.187012, 0.5539096, 0.0774086, -0.05883562, -0.8268797, 0.1889769, 0.1889769, 1.922742, 1.982378, -4.484377, -4.050286
-0.1904297, -0.006347656, 1.143555, 0.5399503, 0.0769096, -0.05848496, -0.8361327, 0.1767122, 0.1767122, 1.556146, 1.982324, -4.4935, -4.041542
-0.1904297, -0.002929688, 1.115234, 0.5121992, 0.0748908, -0.05687957, -0.853702, 0.1735669, 0.1735669, 1.284075, 1.982352, -4.50182, -4.032612
-0.2421875, 0.03076172, 1.04248, 0.4977586, 0.0739648, -0.05608226, -0.8623256, 0.1622298, 0.1622298, 0.6831932, 1.98249, -4.509712, -4.02395
-0.222168, 0.01171875, 1.037109, 0.4675769, 0.07444908, -0.05328913, -0.8791981, 0.1598548, 0.1598548, 0.5901728, 1.982805, -4.517236, -4.015399
-0.309082, -0.02490234, 1.006348, 0.4515255, 0.07628919, -0.05048502, -0.887556, 0.1496196, 0.1496196, 0.4408169, 1.983789, -4.524485, -4.007283
-0.2958984, -0.03613281, 1, 0.4210556, 0.07961473, -0.04479077, -0.902422, 0.1465847, 0.1465847, 0.3579798, 1.985441, -4.531509, -3.999485
-0.2832031, -0.0009765625, 0.9501953, 0.4068792, 0.08062837, -0.0420294, -0.9089444, 0.1359235, 0.1359235, -0.1405821, 1.987582, -4.538622, -3.992128
-0.2890625, -0.03320313, 0.9423828, 0.3797278, 0.08214331, -0.03646498, -0.9207222, 0.1313229, 0.1313229, -0.2086554, 1.99039, -4.545865, -3.985107
-0.2641602, 0.02685547, 0.8759766, 0.3667736, 0.08296247, -0.03431495, -0.9259669, 0.1209788, 0.1209788, -0.8911123, 1.993557, -4.553665, -3.978628
-0.2646484, 0.02441406, 0.8520508, 0.341227, 0.0836862, -0.03008246, -0.9357641, 0.1159994, 0.1159994, -1.123862, 1.997138, -4.562168, -3.9727
-0.08447266, 0.1298828, 0.9384766, 0.3294394, 0.08014163, -0.02920894, -0.9403157, 0.1065399, 0.1065399, -0.5939598, 1.999865, -4.571041, -3.967093
-0.08984375, 0.1503906, 0.9316406, 0.3117819, 0.05612614, -0.03632289, -0.9477986, 0.1008198, 0.1008198, -0.5886211, 2.002005, -4.580283, -3.961955
-0.09765625, 0.1264648, 0.9008789, 0.3048972, 0.03951708, -0.04307149, -0.9505895, 0.09122501, 0.09122501, -0.8639393, 2.003908, -4.590064, -3.957206
-0.08398438, 0.1142578, 0.9106445, 0.291768, 0.0105026, -0.05643197, -0.9547639, 0.08392029, 0.08392029, -0.7778788, 2.005919, -4.600332, -3.952684
-0.08007813, 0.137207, 0.9047852, 0.2830364, 0.002647146, -0.06059195, -0.9571893, 0.07569939, 0.07569939, -0.8143167, 2.008049, -4.611108, -3.948477
-0.04931641, 0.1552734, 0.9936523, 0.2632255, -0.001219114, -0.06397744, -0.9626098, 0.0711564, 0.0711564, 0.06165791, 2.010177, -4.621846, -3.944488
0.009765625, 0.1948242, 1.089844, 0.2555458, -0.001258708, -0.06390509, -0.9646816, 0.06389631, 0.06389631, 1.027989, 2.011898, -4.631942, -3.94068
-0.02734375, 0.1977539, 1.062988, 0.2332357, -0.001292353, -0.06405033, -0.9703075, 0.06074667, 0.06074667, 0.7819633, 2.013431, -4.641549, -3.937211
-0.109375, 0.25, 1.05127, 0.2232436, -0.0003138809, -0.06412435, -0.972651, 0.05479984, 0.05479984, 0.7544756, 2.01509, -4.650684, -3.934598
-0.1508789, 0.2275391, 1.100586, 0.2167508, 0.004302654, -0.06878415, -0.973791, 0.0483193, 0.0483193, 1.235584, 2.017143, -4.659047, -3.932709
0.2016602, 0.4179688, 1.239258, 0.2168675, 0.004207626, -0.07402298, -0.9733812, 0.04103393, 0.04103393, 2.717129, 2.017174, -4.665711, -3.931484
0.2597656, 0.4404297, 1.262207, 0.2081024, -0.002746131, -0.08036514, -0.974795, 0.03622667, 0.03622667, 3.022416, 2.014956, -4.670487, -3.93084
0.3286133, 0.5610352, 1.453613, 0.1994664, -0.008166478, -0.08007694, -0.976593, 0.03227612, 0.03227612, 5.09235, 2.009974, -4.672081, -3.931165
0.2910156, 0.6479492, 1.375488, 0.1746807, -0.01967565, -0.06166976, -0.9824948, 0.03261957, 0.03261957, 4.433287, 2.002473, -4.670903, -3.93361
0.3701172, 0.8388672, 1.157227, 0.1608773, -0.02289847, -0.04757603, -0.985561, 0.03023177, 0.03023177, 2.419755, 1.991631, -4.668212, -3.939571
0.3554688, 0.7944336, 1.18457, 0.1234925, -0.02559488, -0.0154882, -0.9918944, 0.0311826, 0.0311826, 2.242275, 1.977887, -4.664121, -3.949539
0.1806641, 0.7714844, 1.137207, 0.1016213, -0.0277521, -0.003026633, -0.9944312, 0.02842853, 0.02842853, 1.513591, 1.962493, -4.659083, -3.963912
0.1416016, 0.8466797, 1.051758, 0.04156476, -0.0367711, 0.01631603, -0.9983255, 0.02724152, 0.02724152, 0.333025, 1.946264, -4.653838, -3.983615
0.02587891, 1.256348, 0.8994141, 0.01544937, -0.03622805, 0.02306203, -0.9989578, 0.02307999, 0.02307999, -1.554817, 1.930021, -4.649564, -4.011264
0.07666016, 1.503906, 0.8964844, 0.06930637, 0.0390624, -0.04252949, 0.9959226, -1.872061, -1.872061, -2.34973, 1.915016, -4.646759, -4.048515
0.1049805, 1.365234, 0.9482422, 0.1198146, 0.04678153, -0.04344947, 0.990741, -1.67353, -1.67353, -1.802036, 1.901942, -4.64508, -4.094455
-0.2646484, 1.213867, 0.652832, 0.1727315, 0.05517703, -0.03962755, 0.9826233, -1.492516, -1.492516, -4.865169, 1.893367, -4.646441, -4.147048
-0.6162109, 0.8544922, 0.3662109, 0.2274017, 0.06125904, -0.03494466, 0.9712437, -1.326926, -1.326926, -7.679013, 1.890745, -4.652603, -4.202729
-0.7089844, 0.8422852, 0.3657227, 0.3439086, 0.06563102, -0.03990921, 0.9358557, -1.155529, -1.155529, -7.918284, 1.895039, -4.663713, -4.259583
-0.5869141, 0.7397461, 0.6782227, 0.4014026, 0.06742697, -0.04658604, 0.9122271, -1.01287, -1.01287, -4.748585, 1.905699, -4.67779, -4.316961
-0.6655273, 0.6386719, 0.7045898, 0.5030373, 0.07387867, -0.0527341, 0.8594849, -0.8572474, -0.8572474, -4.52825, 1.922463, -4.694698, -4.372762
-0.9233398, 0.3955078, 0.7763672, 0.5504487, 0.07544923, -0.05119529, 0.8298749, -0.7395692, -0.7395692, -3.596217, 1.944455, -4.713854, -4.424298
-0.847168, 0.3994141, 0.8383789, 0.6236249, 0.07520357, -0.04772325, 0.7766326, -0.6115832, -0.6115832, -2.850071, 1.970802, -4.734791, -4.471198
-0.9155273, 0.3432617, 0.953125, 0.6542662, 0.07273204, -0.04682557, 0.7513009, -0.5232476, -0.5232476, -1.588418, 2.00095, -4.756721, -4.51269
-0.9165039, 0.2529297, 1.112793, 0.7211578, 0.06525938, -0.04796343, 0.6880199, -0.4080266, -0.4080266, 0.3805809, 2.033438, -4.778412, -4.548309
-1.064453, 0.1699219, 1.111328, 0.749598, 0.06245171, -0.04721801, 0.6572464, -0.3355303, -0.3355303, 0.5809088, 2.067129, -4.799741, -4.57711
-1.10498, 0.1889648, 0.9960938, 0.795131, 0.05846845, -0.05423777, 0.6011694, -0.2465277, -0.2465277, -0.282937, 2.101038, -4.821247, -4.598909
-0.9790039, 0.08447266, 1.118164, 0.8137094, 0.05489257, -0.0649398, 0.5750124, -0.1951026, -0.1951026, 1.273365, 2.134604, -4.841957, -4.614775
-0.8916016, 0.006347656, 1.19873, 0.8445103, 0.04915407, -0.08726442, 0.5260839, -0.1274079, -0.1274079, 2.539549, 2.167309, -4.86108, -4.625783
-0.8168945, -0.112793, 1.178223, 0.8648468, 0.04682801, -0.09310423, 0.4910969, -0.0799528, -0.0799528, 2.610058, 2.198423, -4.878571, -4.632925
-0.7749023, -0.1137695, 1.091309, 0.8726665, 0.04659567, -0.09387492, 0.4769359, -0.05716439, -0.05716439, 1.758894, 2.22785, -4.894963, -4.636501
-0.640625, -0.1347656, 1.070313, 0.8848484, 0.04453927, -0.09235746, 0.4544545, -0.02885132, -0.02885132, 1.45693, 2.255719, -4.910444, -4.637402
-0.6074219, -0.1782227, 1.092773, 0.8900241, 0.04222427, -0.08797458, 0.445347, -0.01615861, -0.01615861, 1.683393, 2.281842, -4.924873, -4.636
-0.5239258, -0.1948242, 1.071289, 0.8942009, 0.03931496, -0.08152409, 0.4384201, -0.006851786, -0.006851786, 1.370343, 2.306285, -4.938446, -4.632797
-0.4433594, -0.1425781, 0.9956055, 0.8987777, 0.03185219, -0.067518, 0.4320011, 0.001005329, 0.001005329, 0.4178743, 2.329283, -4.951757, -4.628025
-0.4121094, -0.1782227, 0.9570313, 0.8982999, 0.02867457, -0.06357179, 0.4338125, 0.0002422854, 0.0002422854, 0.03481674, 2.350695, -4.965047, -4.621975
-0.3295898, -0.1015625, 0.9433594, 0.8906177, 0.02553452, -0.06468887, 0.4494026, -0.01350121, -0.01350121, -0.2435675, 2.371221, -4.978489, -4.614745
-0.152832, -0.03808594, 0.9794922, 0.8859895, 0.02361499, -0.06512378, 0.4585008, -0.0196559, -0.0196559, -0.1149092, 2.391847, -4.992003, -4.606993
-0.09912109, -0.02490234, 0.9916992, 0.8740688, 0.01882132, -0.05972038, 0.4817483, -0.03857566, -0.03857566, -0.05174065, 2.412768, -5.00555, -4.598959
-0.09033203, -0.0859375, 1.010742, 0.8665996, 0.01708736, -0.05487481, 0.4956808, -0.04668563, -0.04668563, 0.1799765, 2.433653, -5.018984, -4.590869
-0.03955078, -0.04248047, 0.925293, 0.8593282, 0.01367852, -0.04986691, 0.5088004, -0.05316883, -0.05316883, -0.722621, 2.45476, -5.032869, -4.582848
0.1054688, 0.004394531, 0.9912109, 0.8442407, 0.009728551, -0.04693514, 0.5338102, -0.07023387, -0.07023387, -0.20502, 2.476712, -5.046883, -4.575603
0.1230469, -0.00390625, 1.002441, 0.8186353, 0.007609619, -0.0498784, 0.5720837, -0.09807561, -0.09807561, -0.1115217, 2.499453, -5.060966, -4.569347
0.06591797, -0.04052734, 1.000977, 0.809482, 0.006663236, -0.05222227, 0.5847751, -0.09874535, -0.09874535, -0.0659132, 2.522652, -5.075091, -4.563861
0.04882813, -0.07470703, 0.9975586, 0.8011064, 0.005430201, -0.05533974, 0.5959311, -0.0978667, -0.0978667, -0.06912327, 2.54608, -5.089259, -4.559145
0.01123047, -0.07568359, 1.016113, 0.7858517, 0.002548538, -0.05958866, 0.6155315, -0.1050607, -0.1050607, 0.1346178, 2.569679, -5.103342, -4.555039
-0.01953125, -0.04980469, 0.9873047, 0.7710225, -0.001208044, -0.06018126, 0.6339564, -0.1103662, -0.1103662, -0.1402807, 2.593509, -5.117513, -4.55135
-0.02539063, -0.04296875, 0.9985352, 0.7639434, -0.002316962, -0.06038705, 0.642447, -0.1056769, -0.1056769, -0.03098011, 2.617601, -5.131704, -4.54805
-0.07958984, -0.05566406, 1.018555, 0.7571992, -0.002574049, -0.06073496, 0.650349, -0.1008937, -0.1008937, 0.2236099, 2.641839, -5.145755, -4.544841
-0.1337891, -0.08935547, 1.004883, 0.7504629, -0.003114769, -0.05987032, 0.6581877, -0.09652546, -0.09652546, 0.1653461, 2.66596, -5.159702, -4.541409
-0.1660156, -0.09619141, 0.9511719, 0.7364693, -0.004670035, -0.05725167, 0.6740193, -0.1001657, -0.1001657, -0.3266525, 2.689864, -5.173854, -4.53751
-0.1425781, -0.09912109, 0.96875, 0.7219163, -0.006365567, -0.0577804, 0.6895338, -0.1031027, -0.1031027, -0.1732788, 2.713569, -5.188114, -4.5333
-0.1674805, -0.121582, 1.015137, 0.7146229, -0.00690228, -0.0588186, 0.6969983, -0.09807938, -0.09807938, 0.318593, 2.736971, -5.202175, -4.528661
-0.1479492, -0.08837891, 0.9785156, 0.7073303, -0.007444929, -0.05905553, 0.7043724, -0.09347101, -0.09347101, -0.07930851, 2.760271, -5.216285, -4.523685
-0.1489258, -0.08203125, 0.9907227, 0.6925306, -0.009847938, -0.05691671, 0.7190716, -0.09626403, -0.09626403, 0.03489113, 2.7835, -5.230374, -4.518363
-0.1035156, -0.05859375, 0.9912109, 0.6786625, -0.01315814, -0.05194882, 0.732487, -0.09752659, -0.09752659, -0.01741314, 2.806732, -5.244473, -4.512956
-0.05761719, -0.03564453, 0.9912109, 0.6719675, -0.01405675, -0.04806805, 0.738873, -0.09197207, -0.09197207, -0.06851101, 2.830047, -5.258615, -4.507724
-0.1489258, -0.08642578, 1.024414, 0.6575415, -0.0160034, -0.04307883, 0.7520153, -0.09337877, -0.09337877, 0.3520765, 2.853165, -5.272538, -4.502061
-0.1293945, -0.07617188, 1.023926, 0.6502237, -0.01686563, -0.04313899, 0.7583294, -0.08814505, -0.08814505, 0.3277922, 2.876135, -5.286255, -4.496094
-0.1708984, -0.07128906, 1.027832, 0.6425241, -0.01732071, -0.04444651, 0.764779, -0.08356465, -0.08356465, 0.3992939, 2.89905, -5.299723, -4.489594
-0.2021484, -0.05517578, 1.041504, 0.6272469, -0.01809162, -0.04544099, 0.7772828, -0.0851804, -0.0851804, 0.5530415, 2.922083, -5.312845, -4.482412
-0.293457, -0.07519531, 1.052246, 0.6190555, -0.01915992, -0.04444209, 0.7838541, -0.08098476, -0.08098476, 0.7429504, 2.945247, -5.325502, -4.473984
-0.3984375, -0.09912109, 1.09082, 0.6005478, -0.01956832, -0.04375045, 0.7981494, -0.0845286, -0.0845286, 1.214333, 2.968649, -5.337401, -4.463675
-0.4848633, -0.08789063, 1.343262, 0.5806071, -0.01512722, -0.04769362, 0.812641, -0.08786937, -0.08786937, 3.733478, 2.992763, -5.346967, -4.451175
-0.6186523, -0.0078125, 1.268555, 0.5636691, -0.007823161, -0.06017417, 0.8237681, -0.08765236, -0.08765236, 3.039721, 3.018641, -5.354632, -4.435979
-0.8046875, 0.04833984, 1.085938, 0.5520293, -0.004856093, -0.0669094, 0.8311214, -0.08386065, -0.08386065, 1.343824, 3.047157, -5.361458, -4.417148
-0.8212891, 0.04785156, 1.15625, 0.5238986, 0.007756074, -0.0857362, 0.8474132, -0.08891657, -0.08891657, 1.910538, 3.078933, -5.367089, -4.39494
-0.9165039, 0.06201172, 1.306152, 0.5078994, 0.01617014, -0.09571017, 0.8559299, -0.08605531, -0.08605531, 3.277478, 3.114757, -5.370672, -4.369186
-0.8847656, 0.1943359, 1.083008, 0.4716056, 0.03090207, -0.12414, 0.8724805, -0.09108699, -0.09108699, 0.5462847, 3.155688, -5.373914, -4.340796
-0.9389648, 0.2446289, 0.9267578, 0.4499364, 0.03297783, -0.1419303, 0.8810931, -0.08804905, -0.08804905, -1.13483, 3.202265, -5.377865, -4.309873
-0.9023438, 0.2587891, 1.041992, 0.4001884, 0.02818337, -0.1826026, 0.8976138, -0.09280258, -0.09280258, -0.329608, 3.254973, -5.382022, -4.277841
-0.8588867, 0.3227539, 1.194336, 0.3710548, 0.02198579, -0.2043604, 0.905578, -0.08892899, -0.08892899, 0.6352224, 3.314206, -5.385782, -4.246081
-0.8662109, 0.3408203, 1.029297, 0.3046606, 0.001125205, -0.2445759, 0.920523, -0.09205491, -0.09205491, -1.179646, 3.379889, -5.390279, -4.21563
-0.8256836, 0.4350586, 0.7822266, 0.3046606, 0.001125205, -0.2445759, 0.920523, -0.08066815, -0.08066815, -3.788762, 3.451915, -5.397144, -4.186345
-0.8129883, 0.4414063, 0.769043, 0.1777287, -0.05103934, -0.2758766, 0.9432388, -0.09197995, -0.09197995, -4.078386, 3.529575, -5.406558, -4.160192
-0.5947266, 0.4526367, 1.083496, 0.1303018, -0.06580779, -0.2776377, 0.9495301, -0.08652373, -0.08652373, -2.025384, 3.611166, -5.417238, -4.13914
-0.7050781, 0.3867188, 0.9418945, 0.0330933, -0.09193155, -0.27421, 0.9566933, -0.08244229, -0.08244229, -2.740883, 3.696355, -5.429631, -4.123106
-0.6821289, 0.6171875, 0.6884766, 0.01241651, 0.1049472, 0.270255, -0.9569712, 1.741853, 1.741853, -6.039746, 3.784882, -5.445799, -4.112813
-0.7504883, 0.6982422, 0.6303711, 0.1023066, 0.1398883, 0.2569126, -0.9507682, 1.5559, 1.5559, -6.655407, 3.875978, -5.466127, -4.109148
-0.7353516, 1.134766, 0.9335938, 0.1475064, 0.1604946, 0.2441139, -0.9449292, 1.389308, 1.389308, -6.209042, 3.967611, -5.490335, -4.115289
-0.706543, 1.327148, 1.083496, 0.2429679, 0.2055659, 0.2092457, -0.9246215, 1.22604, 1.22604, -5.418217, 4.056541, -5.51793, -4.13212
0.003417969, 1.499023, 2.01416, 0.2866987, 0.2232744, 0.1852882, -0.9130278, 1.087761, 1.087761, -0.2461224, 4.135058, -5.545678, -4.158585
-0.1396484, 1.189941, 1.945313, 0.3672253, 0.2368781, 0.1404134, -0.8884346, 0.9513175, 0.9513175, 1.871434, 4.203578, -5.572257, -4.191606
-0.06787109, 0.8696289, 1.741211, 0.4051326, 0.2314573, 0.1223656, -0.8759682, 0.8403661, 0.8403661, 1.704761, 4.263464, -5.59777, -4.228654
-0.0234375, 0.828125, 1.470703, 0.4741362, 0.1993488, 0.09534886, -0.8522695, 0.7301354, 0.7301354, 0.4098339, 4.315628, -5.623027, -4.268287
0.3637695, 0.8266602, 1.364258, 0.5067137, 0.1771888, 0.08404375, -0.8395128, 0.6415936, 0.6415936, -0.8143454, 4.359484, -5.648794, -4.308029
0.6210938, 0.847168, 1.490234, 0.561203, 0.1259974, 0.07325623, -0.8147445, 0.5507447, 0.5507447, 1.2708, 4.39477, -5.673766, -4.345883
0.6845703, 0.5507813, 1.36084, 0.5819581, 0.09582542, 0.07083727, -0.8044357, 0.4829406, 0.4829406, 1.460614, 4.423689, -5.697824, -4.380826
0.5561523, 0.4521484, 1.136719, 0.6272913, 0.03676382, 0.06320698, -0.7753441, 0.4042871, 0.4042871, 0.7042398, 4.448257, -5.721443, -4.413366
0.5209961, 0.4047852, 1.015137, 0.6482413, 0.01340993, 0.05984092, -0.7589613, 0.3457824, 0.3457824, -0.06365776, 4.469269, -5.745102, -4.443594
0.515625, 0.4189453, 0.9580078, 0.6782144, -0.01718174, 0.05051295, -0.7329187, 0.2841384, 0.2841384, -0.2000017, 4.487217, -5.768886, -4.471448
0.6499023, 0.4375, 0.9272461, 0.6863394, -0.02680685, 0.04478489, -0.7254043, 0.2464141, 0.2464141, -0.2443171, 4.502135, -5.792822, -4.496068
0.5610352, 0.3574219, 0.9755859, 0.6915771, -0.0350926, 0.03721039, -0.7204887, 0.2150272, 0.2150272, 0.2541857, 4.514717, -5.816599, -4.517968
0.3950195, 0.3056641, 1.014648, 0.6945312, -0.04212833, 0.02952068, -0.7176208, 0.188802, 0.188802, 0.5326595, 4.52547, -5.840044, -4.538151
0.3540039, 0.2792969, 1.108398, 0.6986958, -0.05406766, 0.00468882, -0.7133572, 0.163943, 0.163943, 1.478661, 4.534956, -5.862565, -4.55677
0.3208008, 0.2495117, 1.044434, 0.6986958, -0.05406766, 0.00468882, -0.7133572, 0.1456777, 0.1456777, 0.8074799, 4.543334, -5.88458, -4.573993
0.2802734, 0.2973633, 0.9804688, 0.6996652, -0.06959868, -0.01480689, -0.7109185, 0.1269704, 0.1269704, 0.2716312, 4.550601, -5.906426, -4.589999
0.3037109, 0.3427734, 1.083496, 0.6978467, -0.07541961, -0.02516231, -0.7118205, 0.1133497, 0.1133497, 1.374397, 4.556708, -5.927413, -4.604661
0.2197266, 0.2880859, 1.167969, 0.6867442, -0.07964179, -0.04911391, -0.7208502, 0.1088255, 0.1088255, 2.05849, 4.562326, -5.947114, -4.618347
0.1030273, 0.2084961, 1.199219, 0.6867442, -0.07964179, -0.04911391, -0.7208502, 0.09618891, 0.09618891, 2.164773, 4.568001, -5.965461, -4.631752
0.03662109, 0.1772461, 1.152344, 0.6785766, -0.07545341, -0.05561579, -0.7285185, 0.09211506, 0.09211506, 1.627177, 4.573905, -5.982791, -4.645164
0, 0.1831055, 1.030762, 0.6752302, -0.07314289, -0.05790792, -0.7316751, 0.08416791, 0.08416791, 0.4554062, 4.57988, -5.999837, -4.658755
-0.01318359, 0.2050781, 1.049805, 0.6422429, -0.06483051, -0.06932251, -0.7606018, 0.101455, 0.101455, 0.6814795, 4.585859, -6.016458, -4.672492
-0.03515625, 0.1367188, 1.11377, 0.6264418, -0.06094706, -0.07378646, -0.7735704, 0.1017912, 0.1017912, 1.170823, 4.592354, -6.032346, -4.686353
-0.06201172, 0.1416016, 1.103027, 0.6097998, -0.05141973, -0.08097199, -0.7867288, 0.1022483, 0.1022483, 1.086539, 4.599333, -6.047555, -4.700355
-0.08203125, 0.1557617, 1.030762, 0.6038116, -0.04656645, -0.08510369, -0.7912005, 0.09440036, 0.09440036, 0.4265575, 4.606656, -6.062498, -4.714591
-0.0004882813, 0.2407227, 1.027832, 0.5720624, -0.03902451, -0.09469987, -0.813788, 0.104519, 0.104519, 0.5311022, 4.6137, -6.077108, -4.728623
-0.09326172, 0.1933594, 1.077637, 0.5720624, -0.03902451, -0.09469987, -0.813788, 0.09214954, 0.09214954, 0.9578781, 4.620981, -6.09112, -4.742857
-0.1401367, 0.1508789, 1.104004, 0.5383036, -0.03127675, -0.100133, -0.8361962, 0.1022869, 0.1022869, 1.155905, 4.628878, -6.10441, -4.757334
-0.1713867, 0.1176758, 1.099609, 0.5224179, -0.02593932, -0.09950978, -0.8464612, 0.09983401, 0.09983401, 1.075754, 4.637613, -6.117027, -4.772107
-0.1337891, 0.1577148, 1.071289, 0.4783932, -0.01655135, -0.09765077, -0.8725393, 0.1126016, 0.1126016, 0.8660307, 4.646791, -6.129103, -4.787057
-0.1743164, 0.1606445, 0.9375, 0.4783932, -0.01655135, -0.09765077, -0.8725393, 0.09929455, 0.09929455, -0.3896751, 4.656433, -6.141422, -4.802531
-0.1479492, 0.1772461, 0.9072266, 0.4391454, -0.01088225, -0.1011726, -0.8926346, 0.106398, 0.106398, -0.662962, 4.666385, -6.154156, -4.818411
-0.1474609, 0.1835938, 0.956543, 0.4260435, -0.006383886, -0.1004401, -0.8990865, 0.0998048, 0.0998048, -0.1741257, 4.67662, -6.166999, -4.834652
-0.1845703, 0.1430664, 0.9819336, 0.4009472, 0.003071642, -0.09924041, -0.9107043, 0.09877168, 0.09877168, 0.03730011, 4.687428, -6.179818, -4.851193
-0.1694336, 0.1679688, 0.8925781, 0.4009472, 0.003071642, -0.09924041, -0.9107043, 0.08681145, 0.08681145, -0.7910852, 4.698593, -6.193132, -4.868169
-0.1357422, 0.1943359, 0.8442383, 0.3659672, 0.01079492, -0.1013261, -0.9250312, 0.08965693, 0.08965693, -1.232345, 4.709838, -6.207216, -4.885542
-0.1293945, 0.1987305, 0.8862305, 0.3556857, 0.01212238, -0.1033102, -0.928799, 0.08217655, 0.08217655, -0.8250198, 4.721145, -6.221815, -4.903233
-0.1733398, 0.1723633, 0.9355469, 0.335847, 0.01627718, -0.1060977, -0.9357779, 0.07850024, 0.07850024, -0.3535166, 4.73284, -6.236636, -4.92118
-0.1630859, 0.1992188, 0.9306641, 0.335847, 0.01627718, -0.1060977, -0.9357779, 0.06857388, 0.06857388, -0.3611126, 4.744769, -6.251682, -4.939476
-0.125, 0.2260742, 0.9472656, 0.314936, 0.0203157, -0.1074665, -0.9427902, 0.06631244, 0.06631244, -0.1886339, 4.756654, -6.266846, -4.958051
-0.1132813, 0.2246094, 0.9750977, 0.295382, 0.02096597, -0.108371, -0.9489806, 0.06349223, 0.06349223, 0.06389809, 4.768478, -6.28197, -4.976813
-0.1088867, 0.2509766, 1.002441, 0.2762454, 0.02140038, -0.1083371, -0.9547216, 0.06052513, 0.06052513, 0.371891, 4.780165, -6.296862, -4.995848
-0.0390625, 0.2529297, 1.130859, 0.2762454, 0.02140038, -0.1083371, -0.9547216, 0.0524116, 0.0524116, 1.535693, 4.791361, -6.310793, -5.01477
-0.02197266, 0.2250977, 1.140625, 0.2449857, 0.01446818, -0.1056384, -0.9636456, 0.05358993, 0.05358993, 1.576203, 4.802187, -6.32374, -5.033464
0.006347656, 0.2539063, 1.096191, 0.2353562, 0.007581002, -0.1060717, -0.9660738, 0.04847585, 0.04847585, 1.197992, 4.812506, -6.335938, -5.05209
0.02294922, 0.2832031, 1.050781, 0.218741, -0.0121675, -0.1112992, -0.9693382, 0.04467612, 0.04467612, 0.8483305, 4.822431, -6.347606, -5.070826
0.1118164, 0.387207, 1.103516, 0.218741, -0.0121675, -0.1112992, -0.9693382, 0.03816782, 0.03816782, 1.55638, 4.831224, -6.358301, -5.089934
0.1699219, 0.4277344, 1.124023, 0.191707, -0.044777, -0.1189728, -0.9731848, 0.03597488, 0.03597488, 1.973241, 4.839022, -6.367763, -5.10952
0.2670898, 0.5283203, 1.076172, 0.191707, -0.044777, -0.1189728, -0.9731848, 0.0303561, 0.0303561, 1.804019, 4.84501, -6.376097, -5.129973
0.3251953, 0.5786133, 1.136719, 0.1504647, -0.07824945, -0.1178903, -0.9784369, 0.03029394, 0.03029394, 2.713147, 4.849454, -6.382735, -5.151646
0.3540039, 0.581543, 1.169922, 0.1504647, -0.07824945, -0.1178903, -0.9784369, 0.02525305, 0.02525305, 3.066381, 4.852222, -6.387457, -5.174459
0.3652344, 0.5761719, 1.089355, 0.1018828, -0.1113019, -0.1060695, -0.9828432, 0.02490797, 0.02490797, 2.384475, 4.853834, -6.390689, -5.19891
0.5039063, 0.6728516, 1.131836, 0.1018828, -0.1113019, -0.1060695, -0.9828432, 0.02041669, 0.02041669, 3.268989, 4.853436, -6.391878, -5.225327
0.5576172, 0.6137695, 1.454102, 0.06551816, -0.1322443, -0.08034853, -0.9857802, 0.01917251, 0.01917251, 6.198407, 4.851781, -6.389192, -5.253653
0.484375, 0.5664063, 1.188477, 0.04665701, -0.1434511, -0.05272044, -0.9871501, 0.01656816, 0.01656816, 3.279414, 4.849123, -6.384457, -5.284439
0.6157227, 0.6733398, 1.077148, 0.01418873, -0.1685982, -0.001136036, -0.9855819, 0.0114466, 0.0114466, 2.209649, 4.844987, -6.378341, -5.319261
0.7680664, 0.8295898, 1.367188, 0.0001012124, 0.1876303, -0.01105954, 0.9821773, -1.85676, -1.85676, 5.254444, 4.839544, -6.368941, -5.35937
0.7392578, 0.8608398, 1.351074, 0.03825314, 0.2340068, -0.03202958, 0.9709538, -1.654085, -1.654085, 4.566573, 4.834175, -6.356687, -5.405503
0.637207, 0.8320313, 1.051758, 0.06097921, 0.2569473, -0.04811319, 0.9632987, -1.475528, -1.475528, 1.142985, 4.829147, -6.343719, -5.457627
0.5913086, 0.8525391, 0.9013672, 0.1437735, 0.313842, -0.09423846, 0.9337832, -1.294515, -1.294515, -1.850481, 4.825841, -6.331906, -5.516331
0.4438477, 0.7753906, 0.9458008, 0.1437735, 0.313842, -0.09423846, 0.9337832, -1.160041, -1.160041, -2.115378, 4.825014, -6.321416, -5.580897
0.3139648, 0.6337891, 0.9125977, 0.2191486, 0.3481033, -0.1011323, 0.9058532, -1.012837, -1.012837, -3.492106, 4.827959, -6.313109, -5.649968
0.06542969, 0.5341797, 0.6005859, 0.2586773, 0.3604797, -0.09436162, 0.8911989, -0.8933219, -0.8933219, -7.031972, 4.834494, -6.309196, -5.721961
0.05175781, 0.5683594, 0.5395508, 0.3383932, 0.3830256, -0.08812473, 0.8549928, -0.7656261, -0.7656261, -8.135544, 4.845023, -6.310369, -5.796434
0.06396484, 0.6772461, 0.4785156, 0.416903, 0.3958969, -0.08918967, 0.8133264, -0.6458845, -0.6458845, -9.461514, 4.860049, -6.317455, -5.8733
-0.01806641, 0.675293, 0.3950195, 0.4574506, 0.3979092, -0.0858562, 0.790592, -0.5564158, -0.5564158, -10.62769, 4.87953, -6.331183, -5.951872
-0.2529297, 0.5727539, 0.2485352, 0.4986573, 0.3965624, -0.08015002, 0.766583, -0.4749334, -0.4749334, -12.39293, 4.902813, -6.352657, -6.030465
-0.2963867, 0.5893555, 0.2792969, 0.583483, 0.3794161, -0.06530079, 0.7150651, -0.3757583, -0.3757583, -12.33825, 4.930049, -6.381842, -6.107975
-0.331543, 0.5898438, 0.4428711, 0.6269218, 0.3613999, -0.05837532, 0.6877142, -0.3097379, -0.3097379, -11.09522, 4.961703, -6.417962, -6.183383
-0.3725586, 0.5517578, 0.625, 0.7610105, 0.2811772, -0.06065633, 0.5814835, -0.1757609, -0.1757609, -8.2493, 4.997119, -6.459237, -6.254762
-0.3876953, 0.4233398, 1.200684, 0.7610105, 0.2811772, -0.06065633, 0.5814835, -0.1563949, -0.1563949, -2.943232, 5.037079, -6.502352, -6.320894
-0.4106445, 0.3203125, 1.348633, 0.8310629, 0.2292597, -0.05571686, 0.5036311, -0.06521984, -0.06521984, 0.01626778, 5.080083, -6.545457, -6.381407
-0.5302734, 0.3300781, 1.372559, 0.859148, 0.2054338, -0.0530982, 0.4656597, -0.02133228, -0.02133228, 0.6185656, 5.125218, -6.588175, -6.435717
-0.6240234, 0.269043, 1.52832, 0.9220328, 0.1204516, -0.02779844, 0.366843, 0.07565718, 0.07565718, 3.857342, 5.169975, -6.628483, -6.484365
-0.9238281, 0.1206055, 1.643066, 0.9220328, 0.1204516, -0.02779844, 0.366843, 0.06885912, 0.06885912, 5.192595, 5.212503, -6.665545, -6.526593
-1.00293, 0.02636719, 1.700684, 0.950869, 0.06859457, -0.03086197, 0.3002599, 0.125863, 0.125863, 6.818557, 5.251136, -6.698345, -6.563986
-0.9863281, -0.006835938, 1.65625, 0.9563243, 0.06378409, -0.0373954, 0.282763, 0.130371, 0.130371, 6.6128, 5.285776, -6.727013, -6.59709
-0.9428711, 0.02099609, 1.664551, 0.9635267, 0.05606696, -0.04078901, 0.2584533, 0.140836, 0.140836, 6.794623, 5.316587, -6.751433, -6.626289
-0.8833008, -0.02685547, 1.53418, 0.9635267, 0.05606696, -0.04078901, 0.2584533, 0.1271359, 0.1271359, 5.559598, 5.343655, -6.772379, -6.652091
-0.8754883, -0.08691406, 1.458984, 0.9658902, 0.04037627, -0.0305301, 0.2539394, 0.1191124, 0.1191124, 4.839425, 5.366508, -6.790301, -6.675149
-0.7402344, -0.1821289, 1.385742, 0.9653975, 0.03335591, -0.02533195, 0.2573798, 0.1043578, 0.1043578, 4.10529, 5.385439, -6.805656, -6.696474
-0.6772461, -0.199707, 1.317871, 0.9614826, 0.02818229, -0.02004306, 0.2726566, 0.07989772, 0.07989772, 3.368939, 5.400633, -6.818906, -6.716308
-0.3979492, -0.1088867, 1.184082, 0.9580288, 0.03016137, -0.01962808, 0.2843712, 0.0613446, 0.0613446, 1.929268, 5.413818, -6.83095, -6.73503
-0.2724609, -0.06445313, 1.130371, 0.9487564, 0.03680331, -0.01560043, 0.3134053, 0.02829475, 0.02829475, 1.311304, 5.425792, -6.842175, -6.752656
-0.09863281, 0.0009765625, 1.046387, 0.9431418, 0.03921562, -0.01088663, 0.3298892, 0.01057829, 0.01057829, 0.4151058, 5.437594, -6.85314, -6.769473
-0.02148438, 0.02441406, 1, 0.9233977, 0.04381174, 0.01354946, 0.3810951, -0.03820476, -0.03820476, -0.07047844, 5.44946, -6.86415, -6.785532
0.08740234, 0.01904297, 0.9023438, 0.9233977, 0.04381174, 0.01354946, 0.3810951, -0.03336013, -0.03336013, -0.9583397, 5.461834, -6.875758, -6.80138
0.08789063, -0.004882813, 0.8222656, 0.9080152, 0.04747913, 0.02439021, 0.4155224, -0.0616439, -0.0616439, -1.71417, 5.474514, -6.888437, -6.817116
0.262207, 0.02685547, 0.8178711, 0.9003849, 0.05128028, 0.0227799, 0.4314602, -0.06944052, -0.06944052, -1.637017, 5.488345, -6.90214, -6.833434
0.3217773, 0.007324219, 0.8764648, 0.878809, 0.06153646, 0.01955049, 0.4727839, -0.1004698, -0.1004698, -0.9978685, 5.503431, -6.916467, -6.850681
0.3276367, -0.01855469, 0.8691406, 0.872279, 0.06254223, 0.0216935, 0.4845052, -0.1001837, -0.1001837, -1.025994, 5.519606, -6.931434, -6.868987
0.2973633, -0.04492188, 0.8261719, 0.8661672, 0.06313536, 0.02261558, 0.4952316, -0.09896091, -0.09896091, -1.443125, 5.536589, -6.947304, -6.888322
0.2265625, -0.08349609, 0.8046875, 0.8606389, 0.06328292, 0.02308771, 0.5047374, -0.09668557, -0.09668557, -1.687216, 5.553925, -6.964228, -6.908454
0.2143555, -0.08886719, 0.8286133, 0.8499615, 0.06259049, 0.02041461, 0.5227102, -0.10265, -0.10265, -1.467047, 5.571527, -6.982069, -6.929346
0.1933594, -0.1054688, 0.9257813, 0.8451265, 0.06265526, 0.01866408, 0.5305474, -0.09836197, -0.09836197, -0.5306873, 5.589262, -7.000241, -6.950861
0.1479492, -0.1279297, 0.9282227, 0.8357193, 0.06198114, 0.01626892, 0.5453959, -0.1011433, -0.1011433, -0.5335836, 5.606879, -7.018747, -6.972823
0.07226563, -0.1469727, 0.9501953, 0.827001, 0.06158609, 0.0110881, 0.5586897, -0.1021375, -0.1021375, -0.3707952, 5.624121, -7.037485, -6.994859
0.06005859, -0.1494141, 0.9487305, 0.8224236, 0.06150472, 0.006842355, 0.5654871, -0.09684683, -0.09684683, -0.3896837, 5.640983, -7.056467, -7.016928
0.05224609, -0.1264648, 1.012695, 0.8178632, 0.06165432, 0.001922344, 0.5720879, -0.09189857, -0.09189857, 0.209095, 5.657648, -7.075317, -7.038918
0.0625, -0.1435547, 1.033691, 0.8079558, 0.06153802, -0.005992261, 0.5859863, -0.09436128, -0.09436128, 0.4411926, 5.674118, -7.093893, -7.060955
0.03076172, -0.1494141, 1.070313, 0.8028944, 0.06151044, -0.007844801, 0.5928847, -0.08991057, -0.08991057, 0.7856417, 5.690335, -7.111977, -7.082849
0.001464844, -0.1630859, 1.037598, 0.7924784, 0.06189643, -0.008934643, 0.6066841, -0.09244365, -0.09244365, 0.4643869, 5.706161, -7.12977, -7.104453
0.01660156, -0.1396484, 1.000488, 0.7870806, 0.06229466, -0.01101066, 0.613597, -0.08816383, -0.08816383, 0.08871365, 5.721763, -7.147509, -7.125842
0.01171875, -0.1621094, 1.004395, 0.7708234, 0.06383523, -0.02161825, 0.6334736, -0.09659678, -0.09659678, 0.1591253, 5.737113, -7.165147, -7.147052
0.0546875, -0.1772461, 1.015625, 0.7708234, 0.06383523, -0.02161825, 0.6334736, -0.08528866, -0.08528866, 0.3070173, 5.752182, -7.182594, -7.168354
0.0390625, -0.1806641, 1.001465, 0.7588628, 0.06482105, -0.02486241, 0.6475393, -0.08847103, -0.08847103, 0.1688023, 5.766952, -7.199936, -7.189654
0.03515625, -0.171875, 0.9682617, 0.7526573, 0.06506111, -0.02529734, 0.6547014, -0.0847576, -0.0847576, -0.1666946, 5.781449, -7.217381, -7.210925
0.02929688, -0.1606445, 0.9453125, 0.7347129, 0.06591931, -0.02937234, 0.674522, -0.09340952, -0.09340952, -0.4048309, 5.795755, -7.23508, -7.232123
0.1049805, -0.09423828, 1.008789, 0.7347129, 0.06591931, -0.02937234, 0.674522, -0.08235127, -0.08235127, 0.1564541, 5.810364, -7.252681, -7.253654
0.07763672, -0.1147461, 1.04248, 0.7229124, 0.06664471, -0.03110122, 0.6870136, -0.08426623, -0.08426623, 0.498168, 5.825176, -7.269971, -7.275351
-0.01171875, -0.1079102, 0.9804688, 0.7175922, 0.06653128, -0.03153544, 0.6925606, -0.07937954, -0.07937954, -0.1539536, 5.840157, -7.287357, -7.296686
-0.05810547, -0.09960938, 0.9887695, 0.7064888, 0.06337807, -0.03603445, 0.703958, -0.08052881, -0.08052881, -0.09804344, 5.85538, -7.304804, -7.31743
-0.2714844, -0.003417969, 1.068359, 0.6958178, 0.05421741, -0.05041677, 0.7143919, -0.08062617, -0.08062617, 0.5412045, 5.871592, -7.321913, -7.336486
-0.4648438, 0.01464844, 1.157227, 0.691451, 0.04810107, -0.05968726, 0.7183442, -0.07455107, -0.07455107, 1.448359, 5.889081, -7.338116, -7.352835
-0.8735352, 0.01367188, 1.415039, 0.6859829, 0.04061731, -0.06568664, 0.7235055, -0.07023769, -0.07023769, 4.154336, 5.908241, -7.351723, -7.364184
-1.063477, -0.04345703, 1.473633, 0.6637943, 0.02732071, -0.06988075, 0.7441419, -0.0810252, -0.0810252, 5.087036, 5.92911, -7.362151, -7.36965
-1.17041, -0.02685547, 1.516602, 0.6228933, 0.02828027, -0.08180207, 0.7775036, -0.1027308, -0.1027308, 5.552902, 5.952773, -7.369108, -7.368953
-1.135742, 0.1074219, 1.446289, 0.5725763, 0.04087136, -0.1038147, 0.8122226, -0.1234367, -0.1234367, 4.382662, 5.981059, -7.373326, -7.363012
-1.097168, 0.3056641, 1.278809, 0.542606, 0.04707542, -0.1136961, 0.8309245, -0.1267743, -0.1267743, 2.121403, 6.015333, -7.376218, -7.352737
-1.011719, 0.3833008, 1.322754, 0.5092869, 0.05290811, -0.123857, 0.849992, -0.1300809, -0.1300809, 2.060508, 6.056313, -7.377822, -7.339339
-1.056641, 0.5019531, 1.368164, 0.4313847, 0.06186159, -0.1476173, 0.8878562, -0.1508286, -0.1508286, 1.551975, 6.105602, -7.378456, -7.324409
-0.9516602, 0.6118164, 1.347168, 0.3865161, 0.06521701, -0.161351, 0.9057139, -0.1504157, -0.1504157, 0.6099339, 6.163487, -7.378709, -7.309704
-0.6855469, 0.7202148, 1.384766, 0.3377769, 0.07086121, -0.1742367, 0.9222385, -0.1487473, -0.1487473, 0.1170788, 6.229325, -7.378889, -7.297739
-0.6166992, 0.7856445, 1.256348, 0.177278, 0.09527225, -0.2042821, 0.9579998, -0.165451, -0.165451, -2.680746, 6.30205, -7.380744, -7.291209
-0.3535156, 0.7617188, 0.9936523, 0.1259803, 0.105723, -0.2167093, 0.962283, -0.1505392, -0.1505392, -5.027618, 6.379316, -7.385742, -7.290516
-0.4394531, 0.7260742, 0.7719727, 0.07470976, 0.1157546, -0.227999, 0.9638649, -0.1345861, -0.1345861, -7.296162, 6.460798, -7.3953, -7.29523
-0.5478516, 0.8051758, 0.4165039, 0.02254818, 0.1210291, -0.2322766, 0.9648269, -0.1196765, -0.1196765, -11.06701, 6.546098, -7.411775, -7.30514
-0.5825195, 0.9194336, 0.3100586, 0.0922696, -0.124036, 0.240863, -0.958168, 1.717293, 1.717293, -12.78394, 6.633832, -7.436239, -7.321275
-0.6577148, 1.342773, 0.2558594, 0.2287911, -0.1122317, 0.2375183, -0.9373598, 1.520012, 1.520012, -14.89428, 6.721263, -7.470013, -7.346147
-0.7426758, 1.685059, 0.2119141, 0.3095487, -0.1003872, 0.2226531, -0.9189816, 1.34524, 1.34524, -16.06504, 6.806005, -7.513827, -7.381345
-0.1630859, 2.09082, 1.126953, 0.395279, -0.08596902, 0.1983902, -0.8927512, 1.180926, 1.180926, -6.156277, 6.881912, -7.561489, -7.427936
-0.04492188, 2.030273, 1.420898, 0.5241206, -0.03446569, 0.1615427, -0.8354657, 1.004025, 1.004025, -1.388167, 6.945929, -7.610018, -7.482391
0.21875, 1.996582, 1.287109, 0.6174496, -0.01231317, 0.1140102, -0.7782063, 0.8453518, 0.8453518, -0.3500137, 6.996869, -7.658766, -7.53967
0.5234375, 1.825195, 1.384766, 0.6562805, -0.0180878, 0.08830605, -0.7491132, 0.7297146, 0.7297146, 2.344322, 7.035573, -7.706049, -7.596506
0.6103516, 1.407715, 1.262207, 0.7237061, -0.05638997, 0.04633908, -0.6862369, 0.5939379, 0.5939379, 3.554176, 7.06594, -7.751111, -7.65032
0.5527344, 1.193848, 1.188965, 0.7500629, -0.08053397, 0.03172637, -0.6556776, 0.5028042, 0.5028042, 3.43732, 7.089962, -7.794024, -7.701071
0.546875, 1.116699, 0.7871094, 0.7708775, -0.1009096, 0.02107065, -0.6285864, 0.4243382, 0.4243382, 0.0164423, 7.108474, -7.836927, -7.748169
0.5776367, 1.057617, 0.7714844, 0.8019336, -0.1327438, 0.001548256, -0.5824742, 0.335922, 0.335922, 0.5720682, 7.122785, -7.879473, -7.79112
0.6079102, 0.996582, 0.7143555, 0.8126389, -0.1435015, -0.008853277, -0.5647478, 0.2835472, 0.2835472, 0.166832, 7.133624, -7.921914, -7.829657
0.5610352, 0.918457, 0.831543, 0.8270946, -0.1560337, -0.03472165, -0.5388347, 0.2288049, 0.2288049, 1.202638, 7.142089, -7.963603, -7.864128
0.3491211, 0.7626953, 0.9960938, 0.833799, -0.1653774, -0.06323747, -0.5228954, 0.189168, 0.189168, 2.138417, 7.149228, -8.003957, -7.896105
0.3032227, 0.7397461, 1.021484, 0.8368749, -0.1694849, -0.07564301, -0.51496, 0.1612042, 0.1612042, 2.286984, 7.155312, -8.04288, -7.925852
0.2744141, 0.7617188, 0.847168, 0.8404987, -0.1733194, -0.08645183, -0.5060041, 0.1351499, 0.1351499, 0.7890139, 7.160025, -8.08131, -7.953177
0.2431641, 0.8232422, 0.7329102, 0.8476661, -0.1775306, -0.1099599, -0.4876967, 0.1029157, 0.1029157, 0.0179987, 7.163123, -8.11973, -7.977755
0.1318359, 0.878418, 0.9067383, 0.8502323, -0.1750991, -0.1404242, -0.4761524, 0.08042724, 0.08042724, 1.813842, 7.16479, -8.157016, -7.999936
0.1733398, 0.8837891, 1.067383, 0.8475636, -0.1706765, -0.17088, -0.472546, 0.06778747, 0.06778747, 3.129756, 7.165909, -8.192346, -8.019357
0.1992188, 0.8183594, 1.23584, 0.8456427, -0.1680534, -0.183364, -0.4722474, 0.05958454, 0.05958454, 4.189833, 7.167478, -8.225057, -8.036073
0.2016602, 0.8188477, 1.226563, 0.8420881, -0.1617404, -0.2016885, -0.4733306, 0.05353224, 0.05353224, 3.966908, 7.169659, -8.255288, -8.049827
0.1723633, 0.7885742, 1.134766, 0.8377792, -0.1569098, -0.2089635, -0.4794064, 0.05283031, 0.05283031, 3.047877, 7.172235, -8.283615, -8.060723
0.1137695, 0.7387695, 1.064453, 0.8237782, -0.1438473, -0.2238222, -0.5005851, 0.06650425, 0.06650425, 2.24467, 7.174993, -8.310539, -8.069012
-0.08935547, 0.659668, 1.083496, 0.8237782, -0.1438473, -0.2238222, -0.5005851, 0.05866365, 0.05866365, 2.49508, 7.177862, -8.335903, -8.076023
-0.06884766, 0.6245117, 1.149902, 0.8015257, -0.1097176, -0.241585, -0.5358661, 0.08506685, 0.08506685, 2.728127, 7.181075, -8.359563, -8.081296
-0.1938477, 0.5117188, 1.257324, 0.7920827, -0.1016962, -0.2440364, -0.550189, 0.08883367, 0.08883367, 3.479228, 7.185224, -8.381047, -8.085663
-0.2231445, 0.4414063, 1.355957, 0.7830518, -0.09964909, -0.2460579, -0.5624542, 0.09023686, 0.09023686, 4.089556, 7.19092, -8.399976, -8.089357
-0.2514648, 0.4760742, 1.143066, 0.7654129, -0.09575719, -0.2459051, -0.5869448, 0.1030602, 0.1030602, 2.525779, 7.197265, -8.417326, -8.09266
-0.2714844, 0.465332, 1.100586, 0.756003, -0.09201469, -0.2441943, -0.6003014, 0.1039699, 0.1039699, 2.178844, 7.204118, -8.433314, -8.09576
-0.2851563, 0.4433594, 1.030762, 0.7464506, -0.08756348, -0.242123, -0.6136126, 0.1047174, 0.1047174, 1.532615, 7.211334, -8.448345, -8.098855
-0.2524414, 0.4858398, 0.9697266, 0.7259173, -0.07684686, -0.2363899, -0.6412927, 0.1189818, 0.1189818, 1.110091, 7.218409, -8.462682, -8.101814
-0.2451172, 0.4848633, 0.9047852, 0.7144647, -0.07069593, -0.2328539, -0.6559886, 0.1194249, 0.1194249, 0.525362, 7.22511, -8.47669, -8.104712
-0.2451172, 0.4882813, 0.8618164, 0.6908582, -0.06035729, -0.2251483, -0.6843823, 0.132777, 0.132777, 0.1507187, 7.231198, -8.490604, -8.107718
-0.2128906, 0.5249023, 0.7973633, 0.6780537, -0.05688381, -0.2214028, -0.6985553, 0.1312278, 0.1312278, -0.3542624, 7.236271, -8.50474, -8.110801
-0.1918945, 0.5175781, 0.7753906, 0.6512741, -0.05692302, -0.2155254, -0.7253622, 0.1417841, 0.1417841, -0.6223421, 7.240323, -8.519264, -8.114077
-0.190918, 0.4995117, 0.7421875, 0.6374216, -0.05951319, -0.2137211, -0.7378854, 0.1376684, 0.1376684, -0.9827251, 7.243422, -8.534403, -8.117688
-0.1757813, 0.5175781, 0.7426758, 0.6082125, -0.06276427, -0.2125947, -0.7621942, 0.1451203, 0.1451203, -0.9262342, 7.245548, -8.55012, -8.121738
-0.1318359, 0.4863281, 0.8662109, 0.5737677, -0.06232687, -0.2081372, -0.7896719, 0.1547652, 0.1547652, -0.02363396, 7.24711, -8.565853, -8.125936
-0.09960938, 0.5195313, 0.8833008, 0.5545883, -0.06195807, -0.204261, -0.8042823, 0.1511726, 0.1511726, 0.2144127, 7.247909, -8.581451, -8.130246
-0.02978516, 0.6254883, 0.8671875, 0.5344495, -0.06284386, -0.2003828, -0.8186946, 0.1477313, 0.1477313, 0.4047003, 7.247211, -8.596797, -8.13467
0.002441406, 0.6474609, 0.8999023, 0.4712865, -0.07562398, -0.1883016, -0.8583195, 0.1685114, 0.1685114, 0.7957592, 7.245102, -8.611645, -8.139616
0.2524414, 0.8413086, 1.134766, 0.4495376, -0.09249158, -0.1855285, -0.8688729, 0.1595316, 0.1595316, 3.697358, 7.240524, -8.624182, -8.144354
0.3061523, 0.8769531, 1.243652, 0.4111348, -0.1572918, -0.1948995, -0.8764918, 0.1486689, 0.1486689, 5.258372, 7.234575, -8.633432, -8.149155
0.1738281, 0.8847656, 1.124023, 0.3951138, -0.1955317, -0.2037746, -0.8741441, 0.1294568, 0.1294568, 4.199372, 7.228125, -8.640059, -8.155025
0.1704102, 0.8481445, 1.085938, 0.3678009, -0.2547139, -0.2079323, -0.8698303, 0.1103534, 0.1103534, 3.593279, 7.222241, -8.644439, -8.162298
0.3095703, 1.098633, 0.8837891, 0.3503942, -0.2688067, -0.1982341, -0.8750256, 0.1022281, 0.1022281, 3.701582, 7.215088, -8.646505, -8.171899
0.4609375, 1.311035, 0.84375, 0.3311028, -0.2759514, -0.1823007, -0.8837352, 0.09825668, 0.09825668, 4.810254, 7.205412, -8.645566, -8.184582
0.7104492, 1.576172, 0.8828125, 0.3097677, -0.2819982, -0.1621441, -0.8934371, 0.09561673, 0.09561673, 7.010671, 7.191714, -8.640244, -8.201134
0.5712891, 1.491699, 0.7172852, 0.218163, -0.3079311, -0.1124487, -0.9192052, 0.1084576, 0.1084576, 3.603142, 7.175182, -8.632671, -8.223763
0.3842773, 1.427734, 0.5444336, 0.1759393, -0.3119682, -0.09242699, -0.9290727, 0.1048637, 0.1048637, 0.4056635, 7.156585, -8.624845, -8.253343
0.3310547, 1.490723, 0.4619141, 0.1318216, -0.3126375, -0.07153477, -0.937957, 0.1006879, 0.1006879, -1.199562, 7.136288, -8.617767, -8.290912
0.402832, 1.652344, 0.5024414, 0.0859772, -0.309878, -0.05031455, -0.9455431, 0.09569331, 0.09569331, -1.164986, 7.114533, -8.611419, -8.337803
0.3085938, 1.47168, 0.5991211, 0.06490283, 0.2887712, -0.03741136, 0.9544626, -1.716877, -1.716877, -4.847414, 7.094183, -8.608099, -8.394016
-0.3076172, 0.9726563, 0.1289063, 0.06490283, 0.2887712, -0.03741136, 0.9544626, -1.539254, -1.539254, -11.44781, 7.076438, -8.611935, -8.455878
-0.5375977, 0.7924805, -0.046875, 0.2411972, 0.248648, -0.1433858, 0.9270587, -1.353808, -1.353808, -15.25995, 7.062873, -8.625308, -8.520083
-0.6225586, 0.7089844, -0.1845703, 0.2411972, 0.248648, -0.1433858, 0.9270587, -1.213347, -1.213347, -16.39876, 7.053242, -8.648931, -8.585806
-0.7255859, 0.5751953, -0.1699219, 0.4107429, 0.207947, -0.1835959, 0.868526, -1.031763, -1.031763, -15.48142, 7.047888, -8.682229, -8.64996
-1.010742, 0.2832031, -0.1674805, 0.460406, 0.1880732, -0.1835394, 0.8479197, -0.9048098, -0.9048098, -14.05861, 7.0464, -8.724314, -8.709588
-1.108398, 0.05859375, -0.01123047, 0.5014844, 0.1718668, -0.1737636, 0.8299243, -0.7933512, -0.7933512, -11.37875, 7.048134, -8.77351, -8.763303
-0.9667969, -0.2363281, 0.5820313, 0.5344872, 0.1546114, -0.1553093, 0.8162705, -0.6974385, -0.6974385, -4.497034, 7.052424, -8.825517, -8.811325
-0.940918, -0.4433594, 0.7167969, 0.5827103, 0.1223281, -0.1170504, 0.7948432, -0.6039909, -0.6039909, -2.287822, 7.057406, -8.878954, -8.853231
-0.9951172, -0.7163086, 0.8125, 0.6012541, 0.1086451, -0.1009938, 0.785167, -0.5312793, -0.5312793, -0.6375847, 7.061339, -8.93279, -8.888255
-0.9960938, -0.7705078, 0.8916016, 0.6290963, 0.06908765, -0.07404489, 0.770702, -0.4614826, -0.4614826, 0.1466951, 7.063046, -8.986534, -8.91651
-0.65625, -0.4057617, 1.375, 0.6290963, 0.06908765, -0.07404489, 0.770702, -0.4125627, -0.4125627, 4.116583, 7.064849, -9.037705, -8.940559
-0.4599609, -0.3466797, 1.864746, 0.6417854, 0.04959422, -0.08146715, 0.7609301, -0.3593827, -0.3593827, 8.919776, 7.067135, -9.083302, -8.962175
-0.3168945, -0.3525391, 2.088867, 0.6490431, 0.04553096, -0.0833777, 0.7547966, -0.3151098, -0.3151098, 11.0744, 7.069884, -9.121976, -8.982418
-0.328125, -0.2553711, 1.924316, 0.6450995, 0.04972165, -0.0669558, 0.7595335, -0.2856805, -0.2856805, 9.255404, 7.073347, -9.154866, -9.00087
-0.1391602, -0.1206055, 1.579102, 0.6316389, 0.06503053, -0.03174744, 0.7718776, -0.2664621, -0.2664621, 5.591621, 7.077618, -9.184261, -9.018018
-0.1181641, -0.1811523, 1.319336, 0.6140589, 0.07640186, 0.01369048, 0.7854335, -0.2503328, -0.2503328, 2.946651, 7.081819, -9.211815, -9.033262
-0.2612305, -0.2871094, 0.9375, 0.6140589, 0.07640186, 0.01369048, 0.7854335, -0.2229773, -0.2229773, -0.8708887, 7.085286, -9.239913, -9.045871
-0.2387695, -0.2485352, 0.7724609, 0.5960898, 0.07421163, 0.04258885, 0.7983433, -0.210657, -0.210657, -2.689678, 7.088022, -9.269692, -9.055919
-0.1499023, -0.1450195, 0.7709961, 0.5933327, 0.07249559, 0.04343533, 0.8005059, -0.1893849, -0.1893849, -2.57759, 7.090475, -9.301083, -9.064104
-0.1206055, -0.1171875, 0.8588867, 0.575663, 0.04149831, 0.01503797, 0.8164924, -0.1833883, -0.1833883, -1.491117, 7.092764, -9.333405, -9.070972
0.5302734, 0.4667969, 1.058105, 0.5638504, 0.02315295, 0.05660817, 0.8236086, -0.1695662, -0.1695662, 1.330269, 7.096372, -9.364895, -9.081101
0.09814453, -0.128418, 1.202637, 0.5641273, -0.003243697, 0.04303151, 0.8245587, -0.1513005, -0.1513005, 1.89151, 7.098631, -9.395204, -9.09101
0.144043, 0.262207, 0.9985352, 0.5648579, -0.0005143508, 0.04330163, 0.8240504, -0.1335209, -0.1335209, 0.2018824, 7.101763, -9.425385, -9.101884
0.1206055, 0.1206055, 0.9697266, 0.554782, -0.004035054, 0.04188734, 0.8309305, -0.124566, -0.124566, -0.1959629, 7.104975, -9.45569, -9.113334
0.1728516, -0.1376953, 1.232422, 0.5474936, -0.01306105, 0.03434011, 0.8360028, -0.1148017, -0.1148017, 2.177273, 7.106543, -9.484634, -9.125093
-0.05175781, 0.04980469, 0.9912109, 0.5357243, -0.01139831, 0.0311713, 0.8437403, -0.1085545, -0.1085545, -0.08316803, 7.108201, -9.51363, -9.13645
-0.1499023, 0.01904297, 1.050781, 0.5226662, -0.01017499, 0.02897641, 0.8519793, -0.1034082, -0.1034082, 0.4708834, 7.110073, -9.542332, -9.146791
0.01123047, -0.01171875, 0.9956055, 0.5119271, -0.009841757, 0.02774135, 0.858524, -0.09716822, -0.09716822, -0.06540203, 7.111573, -9.571074, -9.156928
0.005371094, -0.008300781, 0.9897461, 0.5053299, -0.009407927, 0.02735166, 0.8624412, -0.08906545, -0.08906545, -0.1208515, 7.112746, -9.599893, -9.166841
0.0078125, -0.004394531, 0.9848633, 0.4916656, -0.008549757, 0.02657543, 0.8703363, -0.08555669, -0.08555669, -0.1650457, 7.113624, -9.628814, -9.176552
0.0078125, -0.02197266, 0.9921875, 0.4846606, -0.00817406, 0.02618979, 0.874271, -0.0786398, -0.0786398, -0.1020222, 7.11412, -9.657799, -9.186003
0.0009765625, -0.009765625, 0.9892578, 0.4719156, -0.00724581, 0.025417, 0.8812474, -0.07530846, -0.07530846, -0.1237783, 7.114341, -9.686861, -9.195195
-0.004394531, -0.01513672, 0.9853516, 0.4655501, -0.006929484, 0.02497987, 0.8846416, -0.0689114, -0.0689114, -0.1646881, 7.114286, -9.716026, -9.204084
-0.0009765625, -0.005859375, 0.9897461, 0.4468355, -0.005844758, 0.0237438, 0.8942817, -0.06908495, -0.06908495, -0.1150465, 7.114014, -9.745263, -9.212722
-0.0004882813, -0.0004882813, 1.004395, 0.4468355, -0.005844758, 0.0237438, 0.8942817, -0.06008707, -0.06008707, 0.03104782, 7.113546, -9.774481, -9.221126
0.01123047, -0.002929688, 0.9819336, 0.435153, -0.005277079, 0.0230387, 0.9000459, -0.05747633, -0.05747633, -0.1881552, 7.112844, -9.803816, -9.22935
0.005371094, 0, 0.9985352, 0.4295386, -0.005026143, 0.02267747, 0.9027492, -0.0522231, -0.0522231, -0.02439213, 7.111945, -9.833166, -9.237375
0.0004882813, -0.01318359, 0.980957, 0.4183621, -0.00445907, 0.02198172, 0.9080019, -0.04992156, -0.04992156, -0.2020893, 7.110824, -9.862643, -9.245133
-0.002441406, -0.009277344, 0.9926758, 0.4131839, -0.004210664, 0.02154327, 0.9103804, -0.04512391, -0.04512391, -0.08536434, 7.109515, -9.892174, -9.252625
0.001464844, -0.01123047, 0.984375, 0.4022817, -0.003756089, 0.0207822, 0.9152717, -0.04319751, -0.04319751, -0.1662779, 7.108007, -9.921808, -9.259865
0.01269531, -0.009277344, 0.9887695, 0.3972334, -0.003608371, 0.02036483, 0.9174842, -0.03892271, -0.03892271, -0.1209402, 7.106266, -9.951518, -9.266913
0.01123047, -0.01025391, 0.9887695, 0.3874621, -0.003133339, 0.01961252, 0.9216715, -0.03695608, -0.03695608, -0.1206665, 7.104305, -9.981303, -9.273763
-0.001953125, -0.006835938, 0.9858398, 0.3827202, -0.003017934, 0.0191842, 0.92366, -0.03310172, -0.03310172, -0.1489115, 7.1022, -10.01118, -9.280375
-0.01025391, -0.005859375, 0.9853516, 0.3737091, -0.002661221, 0.01856458, 0.9273562, -0.03125985, -0.03125985, -0.1534939, 7.100002, -10.04115, -9.28672
0.01367188, -0.004394531, 0.9980469, 0.3693359, -0.002523247, 0.01819228, 0.9291123, -0.02776383, -0.02776383, -0.02612972, 7.097613, -10.07115, -9.292909
-0.0004882813, -0.004882813, 0.9868164, 0.3607897, -0.00219734, 0.01747011, 0.9324808, -0.02615388, -0.02615388, -0.1370106, 7.095106, -10.10122, -9.298885
-0.00390625, -0.02148438, 0.9863281, 0.3525724, -0.001895874, 0.01676602, 0.9356308, -0.02449859, -0.02449859, -0.146842, 7.092436, -10.13139, -9.304565
-0.001464844, -0.02441406, 1.000977, 0.3487564, -0.001729741, 0.01644954, 0.9370673, -0.02138592, -0.02138592, -0.003583908, 7.089586, -10.16156, -9.309945
-0.005859375, -0.007324219, 0.9912109, 0.3448227, -0.001580522, 0.01616869, 0.938527, -0.01861469, -0.01861469, -0.09408283, 7.086648, -10.19179, -9.315089
0.007324219, -0.01123047, 0.996582, 0.3341867, -0.001103349, 0.01521426, 0.9423833, -0.01839948, -0.01839948, -0.04073906, 7.083556, -10.22204, -9.320038
0.005859375, -0.002929688, 0.9780273, 0.3305435, -0.0009688111, 0.01491082, 0.9436723, -0.01576904, -0.01576904, -0.2202024, 7.080356, -10.25243, -9.32483
-0.00390625, -0.01220703, 1.001465, 0.3268814, -0.000889183, 0.01462769, 0.9449517, -0.01339991, -0.01339991, 0.006467819, 7.077059, -10.28282, -9.329382
0.01367188, -0.01269531, 0.987793, 0.3236296, -0.0008079968, 0.01426454, 0.9460759, -0.0111275, -0.0111275, -0.1261005, 7.073583, -10.31329, -9.333764
0.00390625, -0.01953125, 0.9941406, 0.3142041, -0.000308549, 0.01336504, 0.9492612, -0.01104293, -0.01104293, -0.06556606, 7.069961, -10.3438, -9.337911
0.005371094, -0.0009765625, 0.9873047, 0.3112133, -0.0001742505, 0.01311114, 0.9502494, -0.008882115, -0.008882115, -0.1276989, 7.066258, -10.37438, -9.341922
0.007324219, -0.002441406, 0.9887695, 0.3084434, -0.0001319461, 0.0127566, 0.9511569, -0.006867879, -0.006867879, -0.1133642, 7.066258, -10.37438, -9.341922
0.009765625, -0.02001953, 0.9921875, 0.3056477, -4.765112E-05, 0.01249463, 0.9520624, -0.005060099, -0.005060099, -0.08363533, 7.066258, -10.37438, -9.341922
-0.0009765625, -0.02099609, 0.9960938, 0.3001071, 0.0001283707, 0.01195733, 0.9538301, -0.00425669, -0.00425669, -0.04586887, 7.066258, -10.37438, -9.341922
0.005371094, -0.0009765625, 0.9863281, 0.2973365, 0.000210437, 0.01171793, 0.9547002, -0.002685315, -0.002685315, -0.1366034, 7.066258, -10.37438, -9.341922
0, -0.008300781, 0.9936523, 0.2924336, 0.0003987905, 0.01127258, 0.9562179, -0.001890902, -0.001890902, -0.06648731, 7.066258, -10.37438, -9.341922
-0.01074219, -0.01806641, 0.9941406, 0.2899695, 0.0005274555, 0.01099702, 0.9569716, -0.0004547444, -0.0004547444, -0.06429958, 7.066258, -10.37438, -9.341922
0.008300781, -0.004882813, 0.984375, 0.2850337, 0.0006862385, 0.01051608, 0.9584592, 0.0001363297, 0.0001363297, -0.1557779, 7.066258, -10.37438, -9.341922
0.006347656, -0.02197266, 0.987793, 0.2827621, 0.0007204004, 0.01026591, 0.9591346, 0.001435572, 0.001435572, -0.1255131, 7.066258, -10.37438, -9.341922
0, -0.003417969, 0.9833984, 0.2785884, 0.0007945299, 0.009789369, 0.9603602, 0.002077506, 0.002077506, -0.1653385, 7.066258, -10.37438, -9.341922
0.002929688, -0.005371094, 0.9833984, 0.2766192, 0.0008662939, 0.009608458, 0.9609311, 0.003272706, 0.003272706, -0.1654043, 7.066258, -10.37438, -9.341922
0.01123047, -0.02783203, 1, 0.2723736, 0.0009519272, 0.009069556, 0.9621482, 0.003729942, 0.003729942, -0.005509377, 7.066258, -10.37438, -9.341922
-0.0004882813, -0.001464844, 0.9916992, 0.2702342, 0.0009341259, 0.008765251, 0.9627541, 0.004718066, 0.004718066, -0.08320904, 7.066258, -10.37438, -9.341922
-0.0009765625, -0.02734375, 0.9892578, 0.2665741, 0.001004986, 0.008331659, 0.9637778, 0.005206129, 0.005206129, -0.1109734, 7.066258, -10.37438, -9.341922
-0.01025391, -0.02441406, 0.9863281, 0.2644624, 0.001017205, 0.008061526, 0.9643616, 0.006058984, 0.006058984, -0.1396198, 7.066258, -10.37438, -9.341922
-0.0004882813, -0.01513672, 0.9824219, 0.2595384, 0.001162122, 0.007355566, 0.9657034, 0.006103088, 0.006103088, -0.175559, 7.066258, -10.37438, -9.341922
-0.015625, -0.01367188, 0.9755859, 0.2578403, 0.00121699, 0.007111963, 0.9661602, 0.006980008, 0.006980008, -0.2431803, 7.066258, -10.37438, -9.341922
0.001464844, 0, 0.9868164, 0.2562772, 0.001209795, 0.006947453, 0.9665774, 0.00780147, 0.00780147, -0.130209, 7.066258, -10.37438, -9.341922
0.001464844, 0.003417969, 0.9912109, 0.2550126, 0.001232131, 0.006719654, 0.9669135, 0.008612383, 0.008612383, -0.08662987, 7.066258, -10.37438, -9.341922
0.0009765625, -0.02197266, 0.9794922, 0.2520952, 0.001350878, 0.006456025, 0.9676799, 0.008928873, 0.008928873, -0.2045078, 7.066258, -10.37438, -9.341922
-0.001464844, -0.01757813, 0.9882813, 0.2507086, 0.001355318, 0.006197478, 0.9680409, 0.009594455, 0.009594455, -0.1177759, 7.066258, -10.37438, -9.341922
0.008789063, -0.01220703, 0.9931641, 0.2479125, 0.001488762, 0.005811137, 0.9687637, 0.009845614, 0.009845614, -0.06852436, 7.066258, -10.37438, -9.341922
0.0009765625, -0.01171875, 0.996582, 0.2466074, 0.001531443, 0.00568673, 0.9690974, 0.01043704, 0.01043704, -0.03533363, 7.066258, -10.37438, -9.341922
0.002441406, -0.01074219, 0.9936523, 0.2439458, 0.001551805, 0.005383221, 0.9697725, 0.01064083, 0.01064083, -0.06376839, 7.066258, -10.37438, -9.341922
0.0004882813, -0.01953125, 0.9868164, 0.2427432, 0.001640106, 0.005205187, 0.970075, 0.0111741, 0.0111741, -0.1316633, 7.066258, -10.37438, -9.341922
0.01171875, -0.01367188, 0.9960938, 0.2404023, 0.001716019, 0.004851869, 0.9706591, 0.01138213, 0.01138213, -0.03933907, 7.066258, -10.37438, -9.341922
0.008300781, -0.01953125, 0.9926758, 0.2394429, 0.001753219, 0.004724977, 0.9708967, 0.01189439, 0.01189439, -0.07348061, 7.066258, -10.37438, -9.341922
0.0009765625, -0.007324219, 0.987793, 0.2369735, 0.001830854, 0.004424547, 0.9715042, 0.01199982, 0.01199982, -0.1206961, 7.066258, -10.37438, -9.341922
0.0004882813, -0.01757813, 0.9858398, 0.2360491, 0.001853735, 0.004311176, 0.9717296, 0.01245353, 0.01245353, -0.140604, 7.066258, -10.37438, -9.341922
-0.003417969, -0.0234375, 0.987793, 0.2346697, 0.001632738, 0.003889284, 0.9720659, 0.01275207, 0.01275207, -0.1218252, 7.066258, -10.37438, -9.341922
0.006835938, -0.009765625, 0.9907227, 0.2336596, 0.001692561, 0.003766642, 0.9723096, 0.01310419, 0.01310419, -0.09162903, 7.066258, -10.37438, -9.341922
0.002441406, -0.008300781, 0.9921875, 0.231886, 0.001848996, 0.003467062, 0.9727349, 0.01324441, 0.01324441, -0.07729626, 7.066258, -10.37438, -9.341922
0.01025391, -0.004882813, 0.9868164, 0.2304821, 0.002003549, 0.003195968, 0.9730691, 0.0134533, 0.0134533, -0.1293201, 7.066258, -10.37438, -9.341922
0, -0.009765625, 0.9912109, 0.2298055, 0.001958508, 0.00307973, 0.9732296, 0.01380196, 0.01380196, -0.08696842, 7.066258, -10.37438, -9.341922
0.003417969, -0.003417969, 0.9755859, 0.2288028, 0.001965342, 0.002929118, 0.9734663, 0.01403879, 0.01403879, -0.239728, 7.066258, -10.37438, -9.341922
0.002929688, -0.01806641, 0.9887695, 0.2270637, 0.002062446, 0.00243739, 0.9738746, 0.01408501, 0.01408501, -0.1108961, 7.066258, -10.37438, -9.341922
0.001464844, -0.008789063, 0.9892578, 0.2270637, 0.002062446, 0.00243739, 0.9738746, 0.0145101, 0.0145101, -0.1058331, 7.066258, -10.37438, -9.341922
0.00390625, -0.01318359, 0.9853516, 0.2258532, 0.001939599, 0.00215467, 0.9741569, 0.01461989, 0.01461989, -0.1441107, 7.066258, -10.37438, -9.341922